omega,S,S_p,S_c
-3.7600000000000002,0.0,0.0,0.0
-3.755,0.0,0.0,0.0
-3.75,0.0,0.0,0.0
-3.745,2.949800785120651e-214,0.0,2.949800785120651e-214
-3.74,0.0,0.0,0.0
-3.735,0.0,0.0,0.0
-3.73,6.7068228826631755e-214,0.0,6.7068228826631755e-214
-3.725,1.2719361357855454e-213,0.0,1.2719361357855454e-213
-3.72,0.0,0.0,0.0
-3.715,0.0,0.0,0.0
-3.71,0.0,0.0,0.0
-3.705,1.6453533489559643e-212,0.0,1.6453533489559643e-212
-3.7,3.1203811659953115e-212,0.0,3.1203811659953115e-212
-3.6950000000000003,5.917743217453317e-212,0.0,5.917743217453317e-212
-3.69,0.0,0.0,0.0
-3.685,0.0,0.0,0.0
-3.68,8.072936143635347e-211,0.0,8.072936143635347e-211
-3.6750000000000003,0.0,0.0,0.0
-3.67,0.0,0.0,0.0
-3.665,0.0,0.0,0.0
-3.66,0.0,0.0,0.0
-3.6550000000000002,0.0,0.0,0.0
-3.65,0.0,0.0,0.0
-3.645,3.561564390825569e-209,0.0,3.561564390825569e-209
-3.64,0.0,0.0,0.0
-3.6350000000000002,0.0,0.0,0.0
-3.63,0.0,0.0,0.0
-3.625,0.0,0.0,0.0
-3.62,1.747483719337533e-207,0.0,1.747483719337533e-207
-3.615,0.0,0.0,0.0
-3.61,0.0,0.0,0.0
-3.605,0.0,0.0,0.0
-3.6,0.0,0.0,0.0
-3.595,0.0,0.0,0.0
-3.59,1.6260501823597753e-205,0.0,1.6260501823597753e-205
-3.585,3.083773079635601e-205,0.0,3.083773079635601e-205
-3.58,0.0,0.0,0.0
-3.575,0.0,0.0,0.0
-3.5700000000000003,0.0,0.0,0.0
-3.565,1.994556260037795e-204,0.0,1.994556260037795e-204
-3.56,1.8913189049298105e-204,0.0,1.8913189049298105e-204
-3.555,3.586850139867316e-204,0.0,3.586850139867316e-204
-3.5500000000000003,2.040717812157169e-203,0.0,2.040717812157169e-203
-3.545,6.450303851355451e-203,0.0,6.450303851355451e-203
-3.54,4.893151167921013e-203,0.0,4.893151167921013e-203
-3.535,1.3919651444266148e-202,0.0,1.3919651444266148e-202
-3.5300000000000002,0.0,0.0,0.0
-3.525,1.6687990450175643e-202,0.0,1.6687990450175643e-202
-3.52,6.329690960556261e-202,0.0,6.329690960556261e-202
-3.515,6.002068939302088e-202,0.0,6.002068939302088e-202
-3.5100000000000002,0.0,0.0,0.0
-3.505,1.0793639791350004e-200,0.0,1.0793639791350004e-200
-3.5,8.187972592960035e-201,0.0,8.187972592960035e-201
-3.495,3.88208336570537e-200,0.0,3.88208336570537e-200
-3.49,2.9449187499711774e-200,0.0,2.9449187499711774e-200
-3.485,1.1169964200854437e-199,0.0,1.1169964200854437e-199
-3.48,2.118362352944096e-199,0.0,2.118362352944096e-199
-3.475,5.021792122247338e-199,0.0,5.021792122247338e-199
-3.47,3.8094930958744716e-199,0.0,3.8094930958744716e-199
-3.465,1.0836946224255708e-198,0.0,1.0836946224255708e-198
-3.46,2.7402748405808877e-198,0.0,2.7402748405808877e-198
-3.455,2.598439419601003e-198,0.0,2.598439419601003e-198
-3.45,4.92789067530549e-198,0.0,4.92789067530549e-198
-3.4450000000000003,1.86913008820438e-197,0.0,1.86913008820438e-197
-3.44,7.089538946426674e-197,0.0,7.089538946426674e-197
-3.435,1.1764528173112553e-196,0.0,1.1764528173112553e-196
-3.43,1.9123888058016056e-196,0.0,1.9123888058016056e-196
-3.4250000000000003,1.8134044019997623e-196,0.0,1.8134044019997623e-196
-3.42,2.292724516560085e-196,0.0,2.292724516560085e-196
-3.415,1.3044324621509492e-195,0.0,1.3044324621509492e-195
-3.41,2.473831222813921e-195,0.0,2.473831222813921e-195
-3.4050000000000002,8.601218289939226e-195,0.0,8.601218289939226e-195
-3.4,1.1863306200435255e-194,0.0,1.1863306200435255e-194
-3.395,2.812316671808129e-194,0.0,2.812316671808129e-194
-3.39,5.3335047946345815e-194,0.0,5.3335047946345815e-194
-3.3850000000000002,4.045955945082251e-194,0.0,4.045955945082251e-194
-3.38,2.1100964742987287e-193,0.0,2.1100964742987287e-193
-3.375,4.3655537639959385e-193,0.0,4.3655537639959385e-193
-3.37,6.209391930746958e-193,0.0,6.209391930746958e-193
-3.365,9.159105720155922e-193,0.0,9.159105720155922e-193
-3.36,2.729582250969996e-192,0.0,2.729582250969996e-192
-3.355,4.7060004976860866e-192,0.0,4.7060004976860866e-192
-3.35,0.0,0.0,0.0
-3.345,8.462894169263063e-192,0.0,8.462894169263063e-192
-3.34,1.2839773580471563e-191,0.0,1.2839773580471563e-191
-3.335,6.087596272492215e-191,0.0,6.087596272492215e-191
-3.33,1.2699510924880367e-190,0.0,1.2699510924880367e-190
-3.325,1.7515912469497906e-190,0.0,1.7515912469497906e-190
-3.3200000000000003,3.7370917217229185e-190,0.0,3.7370917217229185e-190
-3.315,1.1024724658043663e-189,0.0,1.1024724658043663e-189
-3.31,2.090817951358134e-189,0.0,2.090817951358134e-189
-3.305,2.5490547429802696e-189,0.0,2.5490547429802696e-189
-3.3000000000000003,1.181701541866661e-188,0.0,1.181701541866661e-188
-3.295,2.03734034472309e-188,0.0,2.03734034472309e-188
-3.29,3.477399307563461e-188,0.0,3.477399307563461e-188
-3.285,6.961200257419085e-188,0.0,6.961200257419085e-188
-3.2800000000000002,8.337968327499674e-188,0.0,8.337968327499674e-188
-3.275,1.449506437990793e-187,0.0,1.449506437990793e-187
-3.27,4.248394649940164e-187,0.0,4.248394649940164e-187
-3.265,1.564005731203791e-186,0.0,1.564005731203791e-186
-3.2600000000000002,2.067286672123639e-186,0.0,2.067286672123639e-186
-3.255,5.4547055940516376e-186,0.0,5.4547055940516376e-186
-3.25,7.75855864601741e-186,0.0,7.75855864601741e-186
-3.245,1.0422387003889368e-185,0.0,1.0422387003889368e-185
-3.24,1.9765857669592338e-185,0.0,1.9765857669592338e-185
-3.235,5.071577270995716e-185,0.0,5.071577270995716e-185
-3.23,1.1290870943640978e-184,0.0,1.1290870943640978e-184
-3.225,1.6654493998578078e-184,0.0,1.6654493998578078e-184
-3.22,4.963346052154594e-184,0.0,4.963346052154594e-184
-3.215,9.12765176754939e-184,0.0,9.12765176754939e-184
-3.21,1.4064713853215375e-183,0.0,1.4064713853215375e-183
-3.205,4.001019134327708e-183,0.0,4.001019134327708e-183
-3.2,4.864010439734386e-183,0.0,4.864010439734386e-183
-3.1950000000000003,1.3652264137629797e-182,0.0,1.3652264137629797e-182
-3.19,3.28888951654899e-182,0.0,3.28888951654899e-182
-3.185,4.1139744372495514e-182,0.0,4.1139744372495514e-182
-3.18,1.182895068822812e-181,0.0,1.182895068822812e-181
-3.1750000000000003,1.5751095754922565e-181,0.0,1.5751095754922565e-181
-3.17,4.707048182485737e-181,0.0,4.707048182485737e-181
-3.165,6.866789904654768e-181,0.0,6.866789904654768e-181
-3.16,1.9859672028482336e-180,0.0,1.9859672028482336e-180
-3.1550000000000002,3.0254277463817987e-180,0.0,3.0254277463817987e-180
-3.15,8.313760754366776e-180,0.0,8.313760754366776e-180
-3.145,9.326891673837124e-180,0.0,9.326891673837124e-180
-3.14,1.7688271722780414e-179,0.0,1.7688271722780414e-179
-3.1350000000000002,4.792209872886151e-179,0.0,4.792209872886151e-179
-3.13,7.725084234513581e-179,0.0,7.725084234513581e-179
-3.125,1.2926889301566117e-178,0.0,1.2926889301566117e-178
-3.12,2.8329135916537787e-178,0.0,2.8329135916537787e-178
-3.115,6.095796559584067e-178,0.0,6.095796559584067e-178
-3.11,1.0776794729934785e-177,0.0,1.0776794729934785e-177
-3.105,2.898477893364004e-177,0.0,2.898477893364004e-177
-3.1,3.5236589127261875e-177,0.0,3.5236589127261875e-177
-3.095,1.1894942120656126e-176,0.0,1.1894942120656126e-176
-3.09,1.9770397334793528e-176,0.0,1.9770397334793528e-176
-3.085,3.461001278925875e-176,0.0,3.461001278925875e-176
-3.08,8.842793147598375e-176,0.0,8.842793147598375e-176
-3.075,1.555996836253819e-175,0.0,1.555996836253819e-175
-3.0700000000000003,2.557462481785748e-175,0.0,2.557462481785748e-175
-3.065,5.161087587031712e-175,0.0,5.161087587031712e-175
-3.06,1.1320949118330954e-174,0.0,1.1320949118330954e-174
-3.055,2.2364545352602712e-174,0.0,2.2364545352602712e-174
-3.0500000000000003,3.181044947666916e-174,0.0,3.181044947666916e-174
-3.045,6.354539768498063e-174,0.0,6.354539768498063e-174
-3.04,2.1204121269819826e-173,0.0,2.1204121269819826e-173
-3.035,3.008758199475052e-173,0.0,3.008758199475052e-173
-3.0300000000000002,5.870650061018554e-173,0.0,5.870650061018554e-173
-3.025,1.1133575589812613e-172,0.0,1.1133575589812613e-172
-3.02,2.4074605732465727e-172,0.0,2.4074605732465727e-172
-3.015,4.71539812336203e-172,0.0,4.71539812336203e-172
-3.0100000000000002,9.652397488732006e-172,0.0,9.652397488732006e-172
-3.005,1.9920786154199717e-171,0.0,1.9920786154199717e-171
-3.0,3.8800454637896173e-171,0.0,3.8800454637896173e-171
-2.995,7.503664244086692e-171,0.0,7.503664244086692e-171
-2.99,1.3955125652080242e-170,0.0,1.3955125652080242e-170
-2.985,3.0644412488648737e-170,0.0,3.0644412488648737e-170
-2.98,5.943737285003392e-170,0.0,5.943737285003392e-170
-2.975,1.0270212191498863e-169,0.0,1.0270212191498863e-169
-2.97,2.256511950634492e-169,0.0,2.256511950634492e-169
-2.965,4.189338467916321e-169,0.0,4.189338467916321e-169
-2.96,8.20129063364118e-169,0.0,8.20129063364118e-169
-2.955,1.814585601771025e-168,0.0,1.814585601771025e-168
-2.95,3.210880900012237e-168,0.0,3.210880900012237e-168
-2.945,6.555546422654366e-168,0.0,6.555546422654366e-168
-2.94,1.3095533427637666e-167,0.0,1.3095533427637666e-167
-2.935,2.15869127530023e-167,0.0,2.15869127530023e-167
-2.93,4.292650549673391e-167,0.0,4.292650549673391e-167
-2.9250000000000003,1.0929951897259606e-166,0.0,1.0929951897259606e-166
-2.92,1.7369007181810404e-166,0.0,1.7369007181810404e-166
-2.915,3.714221096095005e-166,0.0,3.714221096095005e-166
-2.91,7.069657134380177e-166,0.0,7.069657134380177e-166
-2.9050000000000002,1.2578644186462417e-165,0.0,1.2578644186462417e-165
-2.9,2.4779776721595264e-165,0.0,2.4779776721595264e-165
-2.895,4.857254197995651e-165,0.0,4.857254197995651e-165
-2.89,1.0874449588310844e-164,0.0,1.0874449588310844e-164
-2.8850000000000002,2.20737461804859e-164,0.0,2.20737461804859e-164
-2.88,3.62409102356428e-164,0.0,3.62409102356428e-164
-2.875,8.506212043379051e-164,0.0,8.506212043379051e-164
-2.87,1.5099428911864424e-163,0.0,1.5099428911864424e-163
-2.865,2.920686211589572e-163,0.0,2.920686211589572e-163
-2.86,5.4307205857822545e-163,0.0,5.4307205857822545e-163
-2.855,1.141427710952665e-162,0.0,1.141427710952665e-162
-2.85,2.4707582211957594e-162,0.0,2.4707582211957594e-162
-2.845,4.844047944284667e-162,0.0,4.844047944284667e-162
-2.84,1.0027252280372841e-161,0.0,1.0027252280372841e-161
-2.835,1.7156595776857483e-161,0.0,1.7156595776857483e-161
-2.83,3.2537155844773853e-161,0.0,3.2537155844773853e-161
-2.825,6.320779090266741e-161,0.0,6.320779090266741e-161
-2.82,1.315230288768247e-160,0.0,1.315230288768247e-160
-2.815,2.842923160893387e-160,0.0,2.842923160893387e-160
-2.81,4.1251405721477905e-160,0.0,4.1251405721477905e-160
-2.805,1.0154331549042613e-159,0.0,1.0154331549042613e-159
-2.8000000000000003,2.0764603978133724e-159,0.0,2.0764603978133724e-159
-2.795,3.6902565859220214e-159,0.0,3.6902565859220214e-159
-2.79,7.251458924385496e-159,0.0,7.251458924385496e-159
-2.785,1.3432433355367686e-158,0.0,1.3432433355367686e-158
-2.7800000000000002,3.0889819224434806e-158,0.0,3.0889819224434806e-158
-2.775,5.14338031616134e-158,0.0,5.14338031616134e-158
-2.77,1.0891807307972398e-157,0.0,1.0891807307972398e-157
-2.765,2.0922062725115105e-157,0.0,2.0922062725115105e-157
-2.7600000000000002,4.1023318758334665e-157,0.0,4.1023318758334665e-157
-2.755,7.81187918424189e-157,0.0,7.81187918424189e-157
-2.75,1.529883720245629e-156,0.0,1.529883720245629e-156
-2.745,3.1383998393777294e-156,0.0,3.1383998393777294e-156
-2.74,6.669624925741819e-156,0.0,6.669624925741819e-156
-2.735,1.1920134344216808e-155,0.0,1.1920134344216808e-155
-2.73,2.5474465749382258e-155,0.0,2.5474465749382258e-155
-2.725,4.677891299404732e-155,0.0,4.677891299404732e-155
-2.72,8.740240242349224e-155,0.0,8.740240242349224e-155
-2.715,1.8194141164861688e-154,0.0,1.8194141164861688e-154
-2.71,3.706825031979842e-154,0.0,3.706825031979842e-154
-2.705,6.806039904483778e-154,0.0,6.806039904483778e-154
-2.7,1.3295720769486115e-153,0.0,1.3295720769486115e-153
-2.695,2.6043312777745654e-153,0.0,2.6043312777745654e-153
-2.69,4.877980635453098e-153,0.0,4.877980635453098e-153
-2.685,9.797120262640145e-153,0.0,9.797120262640145e-153
-2.68,1.952160790154795e-152,0.0,1.952160790154795e-152
-2.6750000000000003,3.7796135265746394e-152,0.0,3.7796135265746394e-152
-2.67,7.376795254405583e-152,0.0,7.376795254405583e-152
-2.665,1.4728517814174326e-151,0.0,1.4728517814174326e-151
-2.66,2.9556326392704723e-151,0.0,2.9556326392704723e-151
-2.6550000000000002,5.824739072915619e-151,0.0,5.824739072915619e-151
-2.65,1.0477023469908096e-150,0.0,1.0477023469908096e-150
-2.645,2.1794113693787447e-150,0.0,2.1794113693787447e-150
-2.64,4.2618825032022344e-150,0.0,4.2618825032022344e-150
-2.6350000000000002,8.012858343537957e-150,0.0,8.012858343537957e-150
-2.63,1.6735689392753497e-149,0.0,1.6735689392753497e-149
-2.625,3.1255308443664792e-149,0.0,3.1255308443664792e-149
-2.62,5.920715776873799e-149,0.0,5.920715776873799e-149
-2.615,1.1788984165594668e-148,0.0,1.1788984165594668e-148
-2.61,2.2748535328505966e-148,0.0,2.2748535328505966e-148
-2.605,4.6432273477196106e-148,0.0,4.6432273477196106e-148
-2.6,8.942009222726789e-148,0.0,8.942009222726789e-148
-2.595,1.6766682663931665e-147,0.0,1.6766682663931665e-147
-2.59,3.2698522358681987e-147,0.0,3.2698522358681987e-147
-2.585,6.437991251323111e-147,0.0,6.437991251323111e-147
-2.58,1.278362519485137e-146,0.0,1.278362519485137e-146
-2.575,2.542968513553024e-146,0.0,2.542968513553024e-146
-2.57,4.875845028769777e-146,0.0,4.875845028769777e-146
-2.565,9.766481827787183e-146,0.0,9.766481827787183e-146
-2.56,1.98454673973976e-145,0.0,1.98454673973976e-145
-2.555,3.69672073429232e-145,0.0,3.69672073429232e-145
-2.5500000000000003,7.351909967796658e-145,0.0,7.351909967796658e-145
-2.545,1.3927710539995967e-144,0.0,1.3927710539995967e-144
-2.54,2.800206933302798e-144,0.0,2.800206933302798e-144
-2.535,5.225757885151365e-144,0.0,5.225757885151365e-144
-2.5300000000000002,1.0533166437699611e-143,0.0,1.0533166437699611e-143
-2.525,2.0981558379295554e-143,0.0,2.0981558379295554e-143
-2.52,4.0000292222769035e-143,0.0,4.0000292222769035e-143
-2.515,7.767986428884832e-143,0.0,7.767986428884832e-143
-2.5100000000000002,1.5404483973821655e-142,0.0,1.5404483973821655e-142
-2.505,2.9575187019587332e-142,0.0,2.9575187019587332e-142
-2.5,5.833296440089274e-142,0.0,5.833296440089274e-142
-2.495,1.1280065839070995e-141,0.0,1.1280065839070995e-141
-2.49,2.1529817005649614e-141,0.0,2.1529817005649614e-141
-2.485,4.261133439860198e-141,0.0,4.261133439860198e-141
-2.48,8.684413970876587e-141,0.0,8.684413970876587e-141
-2.475,1.6032503942527278e-140,0.0,1.6032503942527278e-140
-2.47,3.1168062388451407e-140,0.0,3.1168062388451407e-140
-2.465,6.123022234022909e-140,0.0,6.123022234022909e-140
-2.46,1.1718728485707996e-139,0.0,1.1718728485707996e-139
-2.455,2.386591540369439e-139,0.0,2.386591540369439e-139
-2.45,4.566357447226165e-139,0.0,4.566357447226165e-139
-2.445,9.01244127539335e-139,0.0,9.01244127539335e-139
-2.44,1.7098813069681147e-138,0.0,1.7098813069681147e-138
-2.435,3.3479524312096364e-138,0.0,3.3479524312096364e-138
-2.43,6.873481878138578e-138,0.0,6.873481878138578e-138
-2.4250000000000003,1.304482693952155e-137,0.0,1.304482693952155e-137
-2.42,2.4801658975275434e-137,0.0,2.4801658975275434e-137
-2.415,5.004481549689076e-137,0.0,5.004481549689076e-137
-2.41,9.603108138285648e-137,0.0,9.603108138285648e-137
-2.4050000000000002,1.8859612157241425e-136,0.0,1.8859612157241425e-136
-2.4,3.617621839005719e-136,0.0,3.617621839005719e-136
-2.395,7.192034701339077e-136,0.0,7.192034701339077e-136
-2.39,1.3687247050661154e-135,0.0,1.3687247050661154e-135
-2.3850000000000002,2.7094058475670667e-135,0.0,2.7094058475670667e-135
-2.38,5.221116549448697e-135,0.0,5.221116549448697e-135
-2.375,1.0020551705107724e-134,0.0,1.0020551705107724e-134
-2.37,1.9607292338955159e-134,0.0,1.9607292338955159e-134
-2.365,3.9072075427651514e-134,0.0,3.9072075427651514e-134
-2.36,7.599027732052524e-134,0.0,7.599027732052524e-134
-2.355,1.4468127023995235e-133,0.0,1.4468127023995235e-133
-2.35,2.9215021637866298e-133,0.0,2.9215021637866298e-133
-2.345,5.5195161829967425e-133,0.0,5.5195161829967425e-133
-2.34,1.0941871213026759e-132,0.0,1.0941871213026759e-132
-2.335,2.0907250414047982e-132,0.0,2.0907250414047982e-132
-2.33,4.098324452419827e-132,0.0,4.098324452419827e-132
-2.325,7.916248367011158e-132,0.0,7.916248367011158e-132
-2.32,1.5742678413981151e-131,0.0,1.5742678413981151e-131
-2.315,2.992610296107004e-131,0.0,2.992610296107004e-131
-2.31,5.894316843484204e-131,0.0,5.894316843484204e-131
-2.305,1.1591375088217122e-130,0.0,1.1591375088217122e-130
-2.3000000000000003,2.1920174251232152e-130,0.0,2.1920174251232152e-130
-2.295,4.269591443463165e-130,0.0,4.269591443463165e-130
-2.29,8.360070206174866e-130,0.0,8.360070206174866e-130
-2.285,1.6410219376450374e-129,0.0,1.6410219376450374e-129
-2.2800000000000002,3.1799693354178165e-129,0.0,3.1799693354178165e-129
-2.275,6.164972649690975e-129,0.0,6.164972649690975e-129
-2.27,1.207260426218155e-128,0.0,1.207260426218155e-128
-2.265,2.33929502744063e-128,0.0,2.33929502744063e-128
-2.2600000000000002,4.508411925429028e-128,0.0,4.508411925429028e-128
-2.255,8.856945735040444e-128,0.0,8.856945735040444e-128
-2.25,1.7385207002042724e-127,0.0,1.7385207002042724e-127
-2.245,3.382638285989874e-127,0.0,3.382638285989874e-127
-2.24,6.330580550869439e-127,0.0,6.330580550869439e-127
-2.235,1.2617046190855352e-126,0.0,1.2617046190855352e-126
-2.23,2.4388077918250952e-126,0.0,2.4388077918250952e-126
-2.225,4.7435483524737297e-126,0.0,4.7435483524737297e-126
-2.22,9.212398314235839e-126,0.0,9.212398314235839e-126
-2.215,1.7902509670113213e-125,0.0,1.7902509670113213e-125
-2.21,3.4776165990934365e-125,0.0,3.4776165990934365e-125
-2.205,6.932253959690663e-125,0.0,6.932253959690663e-125
-2.2,1.2953250177279577e-124,0.0,1.2953250177279577e-124
-2.195,2.514512406735403e-124,0.0,2.514512406735403e-124
-2.19,4.897403277544467e-124,0.0,4.897403277544467e-124
-2.185,9.486981936646168e-124,0.0,9.486981936646168e-124
-2.18,1.8818676585924255e-123,0.0,1.8818676585924255e-123
-2.1750000000000003,3.614760001116197e-123,0.0,3.614760001116197e-123
-2.17,6.864473040786741e-123,0.0,6.864473040786741e-123
-2.165,1.340543498245681e-122,0.0,1.340543498245681e-122
-2.16,2.644584882823117e-122,0.0,2.644584882823117e-122
-2.1550000000000002,5.041088989570922e-122,0.0,5.041088989570922e-122
-2.15,1.0042874882756813e-121,0.0,1.0042874882756813e-121
-2.145,1.931979862998118e-121,0.0,1.931979862998118e-121
-2.14,3.7787380043961366e-121,0.0,3.7787380043961366e-121
-2.1350000000000002,7.247658493686804e-121,0.0,7.247658493686804e-121
-2.13,1.4026530345355347e-120,0.0,1.4026530345355347e-120
-2.125,2.7313564665540642e-120,0.0,2.7313564665540642e-120
-2.12,5.402142343018944e-120,0.0,5.402142343018944e-120
-2.115,1.0339854378922649e-119,0.0,1.0339854378922649e-119
-2.11,2.0011547664853185e-119,0.0,2.0011547664853185e-119
-2.105,3.8296793974780166e-119,0.0,3.8296793974780166e-119
-2.1,7.37497123069145e-119,0.0,7.37497123069145e-119
-2.095,1.453206798954102e-118,0.0,1.453206798954102e-118
-2.09,2.845946325759587e-118,0.0,2.845946325759587e-118
-2.085,5.440825842515892e-118,0.0,5.440825842515892e-118
-2.08,1.0477199849723116e-117,0.0,1.0477199849723116e-117
-2.075,2.064008187577697e-117,0.0,2.064008187577697e-117
-2.07,3.9676345674236514e-117,0.0,3.9676345674236514e-117
-2.065,7.787077752290019e-117,0.0,7.787077752290019e-117
-2.06,1.4886786252506443e-116,0.0,1.4886786252506443e-116
-2.055,2.883591648906501e-116,0.0,2.883591648906501e-116
-2.05,5.571569659396514e-116,0.0,5.571569659396514e-116
-2.045,1.0785589541566336e-115,0.0,1.0785589541566336e-115
-2.04,2.0960545134363918e-115,0.0,2.0960545134363918e-115
-2.035,4.0296766303061436e-115,0.0,4.0296766303061436e-115
-2.0300000000000002,7.841215982206907e-115,0.0,7.841215982206907e-115
-2.025,1.5225483953410153e-114,0.0,1.5225483953410153e-114
-2.02,2.9861423052701144e-114,0.0,2.9861423052701144e-114
-2.015,5.7424553613551626e-114,0.0,5.7424553613551626e-114
-2.0100000000000002,1.1001378367746296e-113,0.0,1.1001378367746296e-113
-2.005,2.1312359126325107e-113,0.0,2.1312359126325107e-113
-2.0,4.134042150386894e-113,0.0,4.134042150386894e-113
-1.995,8.07614325652098e-113,0.0,8.07614325652098e-113
-1.99,1.544296164644771e-112,0.0,1.544296164644771e-112
-1.985,2.9855210783942347e-112,0.0,2.9855210783942347e-112
-1.98,5.8418371504128145e-112,0.0,5.8418371504128145e-112
-1.975,1.1238399355927758e-111,0.0,1.1238399355927758e-111
-1.97,2.181391285876938e-111,0.0,2.181391285876938e-111
-1.965,4.231973934482099e-111,0.0,4.231973934482099e-111
-1.96,8.114701717196635e-111,0.0,8.114701717196635e-111
-1.955,1.5772969418972496e-110,0.0,1.5772969418972496e-110
-1.95,3.046083262903818e-110,0.0,3.046083262903818e-110
-1.945,5.824525901689604e-110,0.0,5.824525901689604e-110
-1.94,1.1382934969510897e-109,0.0,1.1382934969510897e-109
-1.935,2.191058372577827e-109,0.0,2.191058372577827e-109
-1.93,4.244615082699812e-109,0.0,4.244615082699812e-109
-1.925,8.208079148272046e-109,0.0,8.208079148272046e-109
-1.92,1.589019917301592e-108,0.0,1.589019917301592e-108
-1.915,3.0423201070885794e-108,0.0,3.0423201070885794e-108
-1.9100000000000001,5.9041274011114065e-108,0.0,5.9041274011114065e-108
-1.905,1.1489908700548376e-107,0.0,1.1489908700548376e-107
-1.9000000000000001,2.2082277512125716e-107,0.0,2.2082277512125716e-107
-1.895,4.269872380013532e-107,0.0,4.269872380013532e-107
-1.8900000000000001,8.213701326074641e-107,0.0,8.213701326074641e-107
-1.885,1.590984952350793e-106,0.0,1.590984952350793e-106
-1.8800000000000001,3.0698172025308874e-106,0.0,3.0698172025308874e-106
-1.875,5.886489813222852e-106,0.0,5.886489813222852e-106
-1.87,1.1411636254651503e-105,0.0,1.1411636254651503e-105
-1.865,2.2174482625241273e-105,0.0,2.2174482625241273e-105
-1.86,4.2538902189416474e-105,0.0,4.2538902189416474e-105
-1.855,8.214122594124993e-105,0.0,8.214122594124993e-105
-1.85,1.5824989073617772e-104,0.0,1.5824989073617772e-104
-1.845,3.079626096203687e-104,0.0,3.079626096203687e-104
-1.84,5.915150034124745e-104,0.0,5.915150034124745e-104
-1.835,1.1580981350294087e-103,0.0,1.1580981350294087e-103
-1.83,2.1969266529451245e-103,0.0,2.1969266529451245e-103
-1.825,4.2037936142719886e-103,0.0,4.2037936142719886e-103
-1.82,8.165066291898214e-103,0.0,8.165066291898214e-103
-1.815,1.5745646077787238e-102,0.0,1.5745646077787238e-102
-1.81,3.0316733837273874e-102,0.0,3.0316733837273874e-102
-1.805,5.84164667674842e-102,0.0,5.84164667674842e-102
-1.8,1.135616699808117e-101,0.0,1.135616699808117e-101
-1.795,2.1962214217593166e-101,0.0,2.1962214217593166e-101
-1.79,4.203164585087178e-101,0.0,4.203164585087178e-101
-1.7850000000000001,8.100087302685332e-101,0.0,8.100087302685332e-101
-1.78,1.5658097539263336e-100,0.0,1.5658097539263336e-100
-1.7750000000000001,2.9955293991944655e-100,0.0,2.9955293991944655e-100
-1.77,5.784007769136878e-100,0.0,5.784007769136878e-100
-1.7650000000000001,1.1150549336617933e-99,0.0,1.1150549336617933e-99
-1.76,2.1586917184933344e-99,0.0,2.1586917184933344e-99
-1.7550000000000001,4.163128815404859e-99,0.0,4.163128815404859e-99
-1.75,8.022320408051162e-99,0.0,8.022320408051162e-99
-1.745,1.541733216723038e-98,0.0,1.541733216723038e-98
-1.74,2.98474565659097e-98,0.0,2.98474565659097e-98
-1.735,5.684672913834246e-98,0.0,5.684672913834246e-98
-1.73,1.1031558470452792e-97,0.0,1.1031558470452792e-97
-1.725,2.114241249042502e-97,0.0,2.114241249042502e-97
-1.72,4.048227863007035e-97,0.0,4.048227863007035e-97
-1.715,7.847202489151003e-97,0.0,7.847202489151003e-97
-1.71,1.5093973613338874e-96,0.0,1.5093973613338874e-96
-1.705,2.903973865664542e-96,0.0,2.903973865664542e-96
-1.7,5.5860919582422105e-96,0.0,5.5860919582422105e-96
-1.695,1.0785144457432634e-95,0.0,1.0785144457432634e-95
-1.69,2.0734890222537565e-95,0.0,2.0734890222537565e-95
-1.685,4.0136238824321396e-95,0.0,4.0136238824321396e-95
-1.68,7.64848794342053e-95,0.0,7.64848794342053e-95
-1.675,1.4635259137560823e-94,0.0,1.4635259137560823e-94
-1.67,2.8331698794748744e-94,0.0,2.8331698794748744e-94
-1.665,5.438344093174409e-94,0.0,5.438344093174409e-94
-1.6600000000000001,1.0463188582982815e-93,0.0,1.0463188582982815e-93
-1.655,2.004499060535339e-93,0.0,2.004499060535339e-93
-1.6500000000000001,3.868566475148577e-93,0.0,3.868566475148577e-93
-1.645,7.475706453183539e-93,0.0,7.475706453183539e-93
-1.6400000000000001,1.4368950203039294e-92,0.0,1.4368950203039294e-92
-1.635,2.7370670383707358e-92,0.0,2.7370670383707358e-92
-1.6300000000000001,5.303004104941329e-92,0.0,5.303004104941329e-92
-1.625,1.0167833760023755e-91,0.0,1.0167833760023755e-91
-1.62,1.9581293252155662e-91,0.0,1.9581293252155662e-91
-1.615,3.7395263664196235e-91,0.0,3.7395263664196235e-91
-1.61,7.206408355529482e-91,0.0,7.206408355529482e-91
-1.605,1.3834359646854304e-90,0.0,1.3834359646854304e-90
-1.6,2.6524276428404776e-90,0.0,2.6524276428404776e-90
-1.595,5.0879460380972376e-90,0.0,5.0879460380972376e-90
-1.59,9.8207982922926e-90,0.0,9.8207982922926e-90
-1.585,1.8751616136853527e-89,0.0,1.8751616136853527e-89
-1.58,3.609641760562077e-89,0.0,3.609641760562077e-89
-1.575,6.898254214651648e-89,0.0,6.898254214651648e-89
-1.57,1.3315202710457594e-88,0.0,1.3315202710457594e-88
-1.565,2.5464860046717124e-88,0.0,2.5464860046717124e-88
-1.56,4.8805879808328074e-88,0.0,4.8805879808328074e-88
-1.555,9.348049069807329e-88,0.0,9.348049069807329e-88
-1.55,1.7998383901743144e-87,0.0,1.7998383901743144e-87
-1.545,3.451283355113378e-87,0.0,3.451283355113378e-87
-1.54,6.628715756854929e-87,0.0,6.628715756854929e-87
-1.5350000000000001,1.267516310584624e-86,0.0,1.267516310584624e-86
-1.53,2.4405277119195876e-86,0.0,2.4405277119195876e-86
-1.5250000000000001,4.6515937935833985e-86,0.0,4.6515937935833985e-86
-1.52,8.908717205085901e-86,0.0,8.908717205085901e-86
-1.5150000000000001,1.7143866944864812e-85,0.0,1.7143866944864812e-85
-1.51,3.302501560002874e-85,0.0,3.302501560002874e-85
-1.5050000000000001,6.320653541624164e-85,0.0,6.320653541624164e-85
-1.5,1.2027590319216657e-84,0.0,1.2027590319216657e-84
-1.495,2.313691415706801e-84,0.0,2.313691415706801e-84
-1.49,4.462604352237569e-84,0.0,4.462604352237569e-84
-1.485,8.47400647890179e-84,0.0,8.47400647890179e-84
-1.48,1.629603447388842e-83,0.0,1.629603447388842e-83
-1.475,3.1277942298820008e-83,0.0,3.1277942298820008e-83
-1.47,5.97599286110184e-83,0.0,5.97599286110184e-83
-1.465,1.1464827058837779e-82,0.0,1.1464827058837779e-82
-1.46,2.1876913719846205e-82,0.0,2.1876913719846205e-82
-1.455,4.2097102847063426e-82,0.0,4.2097102847063426e-82
-1.45,8.029962557205026e-82,0.0,8.029962557205026e-82
-1.445,1.5344144571325164e-81,0.0,1.5344144571325164e-81
-1.44,2.926422309053309e-81,0.0,2.926422309053309e-81
-1.435,5.631265797332453e-81,0.0,5.631265797332453e-81
-1.43,1.078465530850065e-80,0.0,1.078465530850065e-80
-1.425,2.0517758882550055e-80,0.0,2.0517758882550055e-80
-1.42,3.938922725609024e-80,0.0,3.938922725609024e-80
-1.415,7.549216720635519e-80,0.0,7.549216720635519e-80
-1.41,1.4391850137287233e-79,0.0,1.4391850137287233e-79
-1.405,2.7444433620985565e-79,0.0,2.7444433620985565e-79
-1.4000000000000001,5.2469883436356135e-79,0.0,5.2469883436356135e-79
-1.395,1.006332679958829e-78,0.0,1.006332679958829e-78
-1.3900000000000001,1.9213644328583767e-78,0.0,1.9213644328583767e-78
-1.385,3.672220584642016e-78,0.0,3.672220584642016e-78
-1.3800000000000001,7.002712187889763e-78,0.0,7.002712187889763e-78
-1.375,1.3431169095322097e-77,0.0,1.3431169095322097e-77
-1.37,2.5615442312921256e-77,0.0,2.5615442312921256e-77
-1.365,4.8924290896714686e-77,0.0,4.8924290896714686e-77
-1.36,9.363984966500249e-77,0.0,9.363984966500249e-77
-1.355,1.7898313429377775e-76,0.0,1.7898313429377775e-76
-1.35,3.41066244384123e-76,0.0,3.41066244384123e-76
-1.345,6.524741397789535e-76,0.0,6.524741397789535e-76
-1.34,1.2467003906636309e-75,0.0,1.2467003906636309e-75
-1.335,2.3739308549148683e-75,0.0,2.3739308549148683e-75
-1.33,4.550379646656214e-75,0.0,4.550379646656214e-75
-1.325,8.660682614042557e-75,0.0,8.660682614042557e-75
-1.32,1.6526238130425087e-74,0.0,1.6526238130425087e-74
-1.315,3.1637821247848354e-74,0.0,3.1637821247848354e-74
-1.31,6.02878682651171e-74,0.0,6.02878682651171e-74
-1.305,1.1462716744097612e-73,0.0,1.1462716744097612e-73
-1.3,2.1867419191024717e-73,0.0,2.1867419191024717e-73
-1.295,4.193503779969566e-73,0.0,4.193503779969566e-73
-1.29,7.959119143732143e-73,0.0,7.959119143732143e-73
-1.285,1.5251085396893616e-72,0.0,1.5251085396893616e-72
-1.28,2.891940113578861e-72,0.0,2.891940113578861e-72
-1.2750000000000001,5.532069929722517e-72,0.0,5.532069929722517e-72
-1.27,1.0544986945217869e-71,0.0,1.0544986945217869e-71
-1.2650000000000001,2.0110471404884025e-71,0.0,2.0110471404884025e-71
-1.26,3.8210989241330166e-71,0.0,3.8210989241330166e-71
-1.2550000000000001,7.278124323087846e-71,0.0,7.278124323087846e-71
-1.25,1.3901570519524081e-70,0.0,1.3901570519524081e-70
-1.245,2.6461358672325928e-70,0.0,2.6461358672325928e-70
-1.24,5.048870953631631e-70,0.0,5.048870953631631e-70
-1.235,9.613347181627774e-70,0.0,9.613347181627774e-70
-1.23,1.8362742578485225e-69,0.0,1.8362742578485225e-69
-1.225,3.464562881063228e-69,0.0,3.464562881063228e-69
-1.22,6.635878779579935e-69,0.0,6.635878779579935e-69
-1.215,1.2615081727075505e-68,0.0,1.2615081727075505e-68
-1.21,2.394723605984791e-68,0.0,2.394723605984791e-68
-1.205,4.578141151453599e-68,0.0,4.578141151453599e-68
-1.2,8.723026207367319e-68,0.0,8.723026207367319e-68
-1.195,1.6595809578389367e-67,0.0,1.6595809578389367e-67
-1.19,3.156797723122291e-67,0.0,3.156797723122291e-67
-1.185,6.002231110779775e-67,0.0,6.002231110779775e-67
-1.18,1.1467678524500061e-66,0.0,1.1467678524500061e-66
-1.175,2.1707978184554356e-66,0.0,2.1707978184554356e-66
-1.17,4.119421308400954e-66,0.0,4.119421308400954e-66
-1.165,7.829891780934043e-66,0.0,7.829891780934043e-66
-1.16,1.4980328317389542e-65,0.0,1.4980328317389542e-65
-1.155,2.8288122682320425e-65,0.0,2.8288122682320425e-65
-1.1500000000000001,5.372557841893039e-65,0.0,5.372557841893039e-65
-1.145,1.0284308828915913e-64,0.0,1.0284308828915913e-64
-1.1400000000000001,1.944492444110703e-64,0.0,1.944492444110703e-64
-1.135,3.689491438055921e-64,0.0,3.689491438055921e-64
-1.1300000000000001,7.002109525910449e-64,0.0,7.002109525910449e-64
-1.125,1.330645960460488e-63,0.0,1.330645960460488e-63
-1.12,2.5271264646551946e-63,0.0,2.5271264646551946e-63
-1.115,4.797472319580712e-63,0.0,4.797472319580712e-63
-1.11,9.162075992681477e-63,0.0,9.162075992681477e-63
-1.105,1.7296509833052549e-62,0.0,1.7296509833052549e-62
-1.1,3.29422480030599e-62,0.0,3.29422480030599e-62
-1.095,6.256080111627818e-62,0.0,6.256080111627818e-62
-1.09,1.181668756068604e-61,0.0,1.181668756068604e-61
-1.085,2.2446666733618132e-61,0.0,2.2446666733618132e-61
-1.08,4.270442897444505e-61,0.0,4.270442897444505e-61
-1.075,8.095102720206967e-61,0.0,8.095102720206967e-61
-1.07,1.5338777669788393e-60,0.0,1.5338777669788393e-60
-1.065,2.896836617430643e-60,0.0,2.896836617430643e-60
-1.06,5.534272981485391e-60,0.0,5.534272981485391e-60
-1.055,1.0435981667370752e-59,0.0,1.0435981667370752e-59
-1.05,1.9765997452478562e-59,0.0,1.9765997452478562e-59
-1.045,3.748170267806776e-59,0.0,3.748170267806776e-59
-1.04,7.124357493024426e-59,0.0,7.124357493024426e-59
-1.035,1.3520521434401476e-58,0.0,1.3520521434401476e-58
-1.03,2.5528216632057864e-58,0.0,2.5528216632057864e-58
-1.025,4.8368796296211414e-58,0.0,4.8368796296211414e-58
-1.02,9.160731830307204e-58,0.0,9.160731830307204e-58
-1.0150000000000001,1.7378752529112396e-57,0.0,1.7378752529112396e-57
-1.01,3.285978225594178e-57,0.0,3.285978225594178e-57
-1.0050000000000001,6.218164527156821e-57,0.0,6.218164527156821e-57
-1.0,1.307337749617021e-54,1.295802690461752e-54,1.1535059155269135e-56
-0.995,4.3727554582844865e-54,4.3716721863942e-54,1.083271890286306e-57
-0.99,0.0,0.0,0.0
-0.985,0.0,0.0,0.0
-0.98,0.0,0.0,0.0
-0.975,0.0,0.0,0.0
-0.97,0.0,0.0,0.0
-0.965,0.0,0.0,0.0
-0.96,0.0,0.0,0.0
-0.9550000000000001,0.0,0.0,0.0
-0.9500000000000001,0.0,0.0,0.0
-0.9450000000000001,0.0,0.0,0.0
-0.9400000000000001,0.0,0.0,0.0
-0.935,0.0,0.0,0.0
-0.93,0.0,0.0,0.0
-0.925,0.0,0.0,0.0
-0.92,0.0,0.0,0.0
-0.915,0.0,0.0,0.0
-0.91,0.0,0.0,0.0
-0.905,0.0,0.0,0.0
-0.9,0.0,0.0,0.0
-0.895,0.0,0.0,0.0
-0.89,0.0,0.0,0.0
-0.885,0.0,0.0,0.0
-0.88,0.0,0.0,0.0
-0.875,0.0,0.0,0.0
-0.87,0.0,0.0,0.0
-0.865,0.0,0.0,0.0
-0.86,0.0,0.0,0.0
-0.855,0.0,0.0,0.0
-0.85,0.0,0.0,0.0
-0.845,0.0,0.0,0.0
-0.84,0.0,0.0,0.0
-0.835,0.0,0.0,0.0
-0.8300000000000001,0.0,0.0,0.0
-0.8250000000000001,0.0,0.0,0.0
-0.8200000000000001,0.0,0.0,0.0
-0.8150000000000001,0.0,0.0,0.0
-0.81,0.0,0.0,0.0
-0.805,0.0,0.0,0.0
-0.8,0.0,0.0,0.0
-0.795,0.0,0.0,0.0
-0.79,0.0,0.0,0.0
-0.785,0.0,0.0,0.0
-0.78,0.0,0.0,0.0
-0.775,0.0,0.0,0.0
-0.77,0.0,0.0,0.0
-0.765,0.0,0.0,0.0
-0.76,0.0,0.0,0.0
-0.755,0.0,0.0,0.0
-0.75,0.0,0.0,0.0
-0.745,0.0,0.0,0.0
-0.74,0.0,0.0,0.0
-0.735,0.0,0.0,0.0
-0.73,0.0,0.0,0.0
-0.725,0.0,0.0,0.0
-0.72,0.0,0.0,0.0
-0.715,0.0,0.0,0.0
-0.71,0.0,0.0,0.0
-0.705,0.0,0.0,0.0
-0.7000000000000001,0.0,0.0,0.0
-0.6950000000000001,0.0,0.0,0.0
-0.6900000000000001,0.0,0.0,0.0
-0.685,0.0,0.0,0.0
-0.68,0.0,0.0,0.0
-0.675,0.0,0.0,0.0
-0.67,0.0,0.0,0.0
-0.665,0.0,0.0,0.0
-0.66,0.0,0.0,0.0
-0.655,0.0,0.0,0.0
-0.65,0.0,0.0,0.0
-0.645,0.0,0.0,0.0
-0.64,0.0,0.0,0.0
-0.635,0.0,0.0,0.0
-0.63,0.0,0.0,0.0
-0.625,0.0,0.0,0.0
-0.62,0.0,0.0,0.0
-0.615,0.0,0.0,0.0
-0.61,0.0,0.0,0.0
-0.605,0.0,0.0,0.0
-0.6,0.0,0.0,0.0
-0.595,0.0,0.0,0.0
-0.59,0.0,0.0,0.0
-0.585,0.0,0.0,0.0
-0.58,0.0,0.0,0.0
-0.5750000000000001,0.0,0.0,0.0
-0.5700000000000001,0.0,0.0,0.0
-0.5650000000000001,0.0,0.0,0.0
-0.56,0.0,0.0,0.0
-0.555,0.0,0.0,0.0
-0.55,0.0,0.0,0.0
-0.545,0.0,0.0,0.0
-0.54,0.0,0.0,0.0
-0.535,0.0,0.0,0.0
-0.53,0.0,0.0,0.0
-0.525,0.0,0.0,0.0
-0.52,0.0,0.0,0.0
-0.515,0.0,0.0,0.0
-0.51,0.0,0.0,0.0
-0.505,0.0,0.0,0.0
-0.5,0.0,0.0,0.0
-0.495,0.0,0.0,0.0
-0.49,0.0,0.0,0.0
-0.485,0.0,0.0,0.0
-0.48,0.0,0.0,0.0
-0.47500000000000003,0.0,0.0,0.0
-0.47000000000000003,0.0,0.0,0.0
-0.465,0.0,0.0,0.0
-0.46,0.0,0.0,0.0
-0.455,0.0,0.0,0.0
-0.45,0.0,0.0,0.0
-0.445,0.0,0.0,0.0
-0.44,0.0,0.0,0.0
-0.435,0.0,0.0,0.0
-0.43,0.0,0.0,0.0
-0.425,0.0,0.0,0.0
-0.42,0.0,0.0,0.0
-0.41500000000000004,0.0,0.0,0.0
-0.41000000000000003,0.0,0.0,0.0
-0.405,0.0,0.0,0.0
-0.4,0.0,0.0,0.0
-0.395,0.0,0.0,0.0
-0.39,0.0,0.0,0.0
-0.385,0.0,0.0,0.0
-0.38,0.0,0.0,0.0
-0.375,0.0,0.0,0.0
-0.37,0.0,0.0,0.0
-0.365,0.0,0.0,0.0
-0.36,0.0,0.0,0.0
-0.355,0.0,0.0,0.0
-0.35000000000000003,0.0,0.0,0.0
-0.34500000000000003,0.0,0.0,0.0
-0.34,0.0,0.0,0.0
-0.335,0.0,0.0,0.0
-0.33,0.0,0.0,0.0
-0.325,0.0,0.0,0.0
-0.32,0.0,0.0,0.0
-0.315,0.0,0.0,0.0
-0.31,0.0,0.0,0.0
-0.305,0.0,0.0,0.0
-0.3,0.0,0.0,0.0
-0.295,0.0,0.0,0.0
-0.29,0.0,0.0,0.0
-0.28500000000000003,0.0,0.0,0.0
-0.28,0.0,0.0,0.0
-0.275,0.0,0.0,0.0
-0.27,0.0,0.0,0.0
-0.265,0.0,0.0,0.0
-0.26,0.0,0.0,0.0
-0.255,0.0,0.0,0.0
-0.25,0.0,0.0,0.0
-0.245,0.0,0.0,0.0
-0.24,0.0,0.0,0.0
-0.23500000000000001,0.0,0.0,0.0
-0.23,0.0,0.0,0.0
-0.225,0.0,0.0,0.0
-0.22,0.0,0.0,0.0
-0.215,0.0,0.0,0.0
-0.21,0.0,0.0,0.0
-0.20500000000000002,0.0,0.0,0.0
-0.2,0.0,0.0,0.0
-0.195,0.0,0.0,0.0
-0.19,0.0,0.0,0.0
-0.185,0.0,0.0,0.0
-0.18,0.0,0.0,0.0
-0.17500000000000002,0.0,0.0,0.0
-0.17,0.0,0.0,0.0
-0.165,0.0,0.0,0.0
-0.16,0.0,0.0,0.0
-0.155,0.0,0.0,0.0
-0.15,0.0,0.0,0.0
-0.145,0.0,0.0,0.0
-0.14,0.0,0.0,0.0
-0.135,0.0,0.0,0.0
-0.13,0.0,0.0,0.0
-0.125,0.0,0.0,0.0
-0.12,0.0,0.0,0.0
-0.115,0.0,0.0,0.0
-0.11,0.0,0.0,0.0
-0.105,0.0,0.0,0.0
-0.1,0.0,0.0,0.0
-0.095,0.0,0.0,0.0
-0.09,0.0,0.0,0.0
-0.085,0.0,0.0,0.0
-0.08,0.0,0.0,0.0
-0.075,0.0,0.0,0.0
-0.07,0.0,0.0,0.0
-0.065,0.0,0.0,0.0
-0.06,0.0,0.0,0.0
-0.055,0.0,0.0,0.0
-0.05,0.0,0.0,0.0
-0.045,0.0,0.0,0.0
-0.04,0.0,0.0,0.0
-0.035,0.0,0.0,0.0
-0.03,0.0,0.0,0.0
-0.025,0.0,0.0,0.0
-0.02,0.0,0.0,0.0
-0.015,0.0,0.0,0.0
-0.01,0.0,0.0,0.0
-0.005,0.0,0.0,0.0
-0.0,0.0,0.0,0.0
0.0,0.0,0.0,0.0
0.005,0.0,0.0,0.0
0.01,0.0,0.0,0.0
0.015,0.0,0.0,0.0
0.02,0.0,0.0,0.0
0.025,0.0,0.0,0.0
0.03,0.0,0.0,0.0
0.035,0.0,0.0,0.0
0.04,0.0,0.0,0.0
0.045,0.0,0.0,0.0
0.05,0.0,0.0,0.0
0.055,0.0,0.0,0.0
0.06,0.0,0.0,0.0
0.065,0.0,0.0,0.0
0.07,0.0,0.0,0.0
0.075,0.0,0.0,0.0
0.08,0.0,0.0,0.0
0.085,0.0,0.0,0.0
0.09,0.0,0.0,0.0
0.095,0.0,0.0,0.0
0.1,0.0,0.0,0.0
0.105,0.0,0.0,0.0
0.11,0.0,0.0,0.0
0.115,0.0,0.0,0.0
0.12,0.0,0.0,0.0
0.125,0.0,0.0,0.0
0.13,0.0,0.0,0.0
0.135,0.0,0.0,0.0
0.14,0.0,0.0,0.0
0.145,0.0,0.0,0.0
0.15,0.0,0.0,0.0
0.155,0.0,0.0,0.0
0.16,0.0,0.0,0.0
0.165,0.0,0.0,0.0
0.17,0.0,0.0,0.0
0.17500000000000002,0.0,0.0,0.0
0.18,0.0,0.0,0.0
0.185,0.0,0.0,0.0
0.19,0.0,0.0,0.0
0.195,0.0,0.0,0.0
0.2,0.0,0.0,0.0
0.20500000000000002,0.0,0.0,0.0
0.21,0.0,0.0,0.0
0.215,0.0,0.0,0.0
0.22,0.0,0.0,0.0
0.225,0.0,0.0,0.0
0.23,0.0,0.0,0.0
0.23500000000000001,0.0,0.0,0.0
0.24,0.0,0.0,0.0
0.245,0.0,0.0,0.0
0.25,0.0,0.0,0.0
0.255,0.0,0.0,0.0
0.26,0.0,0.0,0.0
0.265,0.0,0.0,0.0
0.27,0.0,0.0,0.0
0.275,0.0,0.0,0.0
0.28,0.0,0.0,0.0
0.28500000000000003,0.0,0.0,0.0
0.29,0.0,0.0,0.0
0.295,0.0,0.0,0.0
0.3,0.0,0.0,0.0
0.305,0.0,0.0,0.0
0.31,0.0,0.0,0.0
0.315,0.0,0.0,0.0
0.32,0.0,0.0,0.0
0.325,0.0,0.0,0.0
0.33,0.0,0.0,0.0
0.335,0.0,0.0,0.0
0.34,0.0,0.0,0.0
0.34500000000000003,0.0,0.0,0.0
0.35000000000000003,0.0,0.0,0.0
0.355,0.0,0.0,0.0
0.36,0.0,0.0,0.0
0.365,0.0,0.0,0.0
0.37,0.0,0.0,0.0
0.375,0.0,0.0,0.0
0.38,0.0,0.0,0.0
0.385,0.0,0.0,0.0
0.39,0.0,0.0,0.0
0.395,0.0,0.0,0.0
0.4,0.0,0.0,0.0
0.405,0.0,0.0,0.0
0.41000000000000003,0.0,0.0,0.0
0.41500000000000004,0.0,0.0,0.0
0.42,0.0,0.0,0.0
0.425,0.0,0.0,0.0
0.43,0.0,0.0,0.0
0.435,0.0,0.0,0.0
0.44,0.0,0.0,0.0
0.445,0.0,0.0,0.0
0.45,0.0,0.0,0.0
0.455,0.0,0.0,0.0
0.46,0.0,0.0,0.0
0.465,0.0,0.0,0.0
0.47000000000000003,0.0,0.0,0.0
0.47500000000000003,0.0,0.0,0.0
0.48,0.0,0.0,0.0
0.485,0.0,0.0,0.0
0.49,0.0,0.0,0.0
0.495,0.0,0.0,0.0
0.5,0.0,0.0,0.0
0.505,0.0,0.0,0.0
0.51,0.0,0.0,0.0
0.515,0.0,0.0,0.0
0.52,0.0,0.0,0.0
0.525,0.0,0.0,0.0
0.53,0.0,0.0,0.0
0.535,0.0,0.0,0.0
0.54,0.0,0.0,0.0
0.545,0.0,0.0,0.0
0.55,0.0,0.0,0.0
0.555,0.0,0.0,0.0
0.56,0.0,0.0,0.0
0.5650000000000001,0.0,0.0,0.0
0.5700000000000001,0.0,0.0,0.0
0.5750000000000001,0.0,0.0,0.0
0.58,0.0,0.0,0.0
0.585,0.0,0.0,0.0
0.59,0.0,0.0,0.0
0.595,0.0,0.0,0.0
0.6,0.0,0.0,0.0
0.605,0.0,0.0,0.0
0.61,0.0,0.0,0.0
0.615,0.0,0.0,0.0
0.62,0.0,0.0,0.0
0.625,0.0,0.0,0.0
0.63,0.0,0.0,0.0
0.635,0.0,0.0,0.0
0.64,0.0,0.0,0.0
0.645,0.0,0.0,0.0
0.65,0.0,0.0,0.0
0.655,0.0,0.0,0.0
0.66,0.0,0.0,0.0
0.665,0.0,0.0,0.0
0.67,0.0,0.0,0.0
0.675,0.0,0.0,0.0
0.68,0.0,0.0,0.0
0.685,0.0,0.0,0.0
0.6900000000000001,0.0,0.0,0.0
0.6950000000000001,0.0,0.0,0.0
0.7000000000000001,0.0,0.0,0.0
0.705,0.0,0.0,0.0
0.71,0.0,0.0,0.0
0.715,0.0,0.0,0.0
0.72,0.0,0.0,0.0
0.725,0.0,0.0,0.0
0.73,0.0,0.0,0.0
0.735,0.0,0.0,0.0
0.74,0.0,0.0,0.0
0.745,0.0,0.0,0.0
0.75,0.0,0.0,0.0
0.755,0.0,0.0,0.0
0.76,0.0,0.0,0.0
0.765,0.0,0.0,0.0
0.77,0.0,0.0,0.0
0.775,0.0,0.0,0.0
0.78,0.0,0.0,0.0
0.785,0.0,0.0,0.0
0.79,0.0,0.0,0.0
0.795,0.0,0.0,0.0
0.8,0.0,0.0,0.0
0.805,0.0,0.0,0.0
0.81,0.0,0.0,0.0
0.8150000000000001,0.0,0.0,0.0
0.8200000000000001,0.0,0.0,0.0
0.8250000000000001,0.0,0.0,0.0
0.8300000000000001,0.0,0.0,0.0
0.835,0.0,0.0,0.0
0.84,0.0,0.0,0.0
0.845,0.0,0.0,0.0
0.85,0.0,0.0,0.0
0.855,0.0,0.0,0.0
0.86,0.0,0.0,0.0
0.865,0.0,0.0,0.0
0.87,0.0,0.0,0.0
0.875,0.0,0.0,0.0
0.88,0.0,0.0,0.0
0.885,0.0,0.0,0.0
0.89,0.0,0.0,0.0
0.895,0.0,0.0,0.0
0.9,0.0,0.0,0.0
0.905,0.0,0.0,0.0
0.91,0.0,0.0,0.0
0.915,0.0,0.0,0.0
0.92,0.0,0.0,0.0
0.925,0.0,0.0,0.0
0.93,0.0,0.0,0.0
0.935,0.0,0.0,0.0
0.9400000000000001,0.0,0.0,0.0
0.9450000000000001,0.0,0.0,0.0
0.9500000000000001,0.0,0.0,0.0
0.9550000000000001,0.0,0.0,0.0
0.96,0.0,0.0,0.0
0.965,0.0,0.0,0.0
0.97,0.0,0.0,0.0
0.975,0.0,0.0,0.0
0.98,0.0,0.0,0.0
0.985,0.0,0.0,0.0
0.99,0.0,0.0,0.0
0.995,89.63970234575595,89.61749571409517,0.022206631660780008
1.0,50.8254795866015,50.37703012218566,0.44844946441584727
1.0050000000000001,0.45846307285673654,0.0,0.45846307285673654
1.01,0.4594680335600613,0.0,0.4594680335600613
1.0150000000000001,0.4608479796004474,0.0,0.4608479796004474
1.02,0.460699485406971,0.0,0.460699485406971
1.025,0.46131896118379656,0.0,0.46131896118379656
1.03,0.4617479444093948,0.0,0.4617479444093948
1.035,0.46379536434975044,0.0,0.46379536434975044
1.04,0.4634758768425739,0.0,0.4634758768425739
1.045,0.4624334176055431,0.0,0.4624334176055431
1.05,0.4624844156113835,0.0,0.4624844156113835
1.055,0.46308439215068187,0.0,0.46308439215068187
1.06,0.4657317886303357,0.0,0.4657317886303357
1.065,0.46232542182846953,0.0,0.46232542182846953
1.07,0.4642618461090548,0.0,0.4642618461090548
1.075,0.46466833021442944,0.0,0.46466833021442944
1.08,0.4648813218858803,0.0,0.4648813218858803
1.085,0.4634143792472959,0.0,0.4634143792472959
1.09,0.46265990874912827,0.0,0.46265990874912827
1.095,0.46453333549308745,0.0,0.46453333549308745
1.1,0.46389136059603814,0.0,0.46389136059603814
1.105,0.4619234375471395,0.0,0.4619234375471395
1.11,0.46403835484816613,0.0,0.46403835484816613
1.115,0.4608089811253929,0.0,0.4608089811253929
1.12,0.46034549924878493,0.0,0.46034549924878493
1.125,0.459693024762298,0.0,0.459693024762298
1.1300000000000001,0.45875706136099265,0.0,0.45875706136099265
1.135,0.4584255743230303,0.0,0.4584255743230303
1.1400000000000001,0.4582020830621416,0.0,0.4582020830621416
1.145,0.4595940286333137,0.0,0.4595940286333137
1.1500000000000001,0.45533269526294745,0.0,0.45533269526294745
1.155,0.4546742210110676,0.0,0.4546742210110676
1.16,0.4566316444705282,0.0,0.4566316444705282
1.165,0.45263580071880133,0.0,0.45263580071880133
1.17,0.4516248402500837,0.0,0.4516248402500837
1.175,0.4513458511593099,0.0,0.4513458511593099
1.18,0.45218281843163116,0.0,0.45218281843163116
1.185,0.44884844881448066,0.0,0.44884844881448066
1.19,0.44769499391767964,0.0,0.44769499391767964
1.195,0.44635704623504435,0.0,0.44635704623504435
1.2,0.44493810171960374,0.0,0.44493810171960374
1.205,0.44286368283497973,0.0,0.44286368283497973
1.21,0.43932382125311953,0.0,0.43932382125311953
1.215,0.43890233773426246,0.0,0.43890233773426246
1.22,0.43784937890779396,0.0,0.43784937890779396
1.225,0.43353404764889064,0.0,0.43353404764889064
1.23,0.43577346008182155,0.0,0.43577346008182155
1.235,0.43265958184286335,0.0,0.43265958184286335
1.24,0.43093764917507693,0.0,0.43093764917507693
1.245,0.428332251053174,0.0,0.428332251053174
1.25,0.426757312637516,0.0,0.426757312637516
1.2550000000000001,0.423725931172711,0.0,0.423725931172711
1.26,0.4218930028451547,0.0,0.4218930028451547
1.2650000000000001,0.4210995338719326,0.0,0.4210995338719326
1.27,0.41875212566192793,0.0,0.41875212566192793
1.2750000000000001,0.4166267087714636,0.0,0.4166267087714636
1.28,0.41304484883185244,0.0,0.41304484883185244
1.285,0.4131018466030858,0.0,0.4131018466030858
1.29,0.40885551264620185,0.0,0.40885551264620185
1.295,0.4085360251390255,0.0,0.4085360251390255
1.3,0.4040167018567609,0.0,0.4040167018567609
1.305,0.40164079476113945,0.0,0.40164079476113945
1.31,0.4006163348202875,0.0,0.4006163348202875
1.315,0.3987069094839705,0.0,0.3987069094839705
1.32,0.39497505540953487,0.0,0.39497505540953487
1.325,0.3925511501907695,0.0,0.3925511501907695
1.33,0.39114720508881157,0.0,0.39114720508881157
1.335,0.38699836731956355,0.0,0.38699836731956355
1.34,0.3854354284346914,0.0,0.3854354284346914
1.345,0.3825615408114523,0.0,0.3825615408114523
1.35,0.37924967031452556,0.0,0.37924967031452556
1.355,0.37743924110719285,0.0,0.37743924110719285
1.36,0.37449335629923797,0.0,0.37449335629923797
1.365,0.371070490142541,0.0,0.371070490142541
1.37,0.368453092489852,0.0,0.368453092489852
1.375,0.36638917319466574,0.0,0.36638917319466574
1.3800000000000001,0.36227933390047223,0.0,0.36227933390047223
1.385,0.3602919116140464,0.0,0.3602919116140464
1.3900000000000001,0.3575065205303539,0.0,0.3575065205303539
1.395,0.35511111419720526,0.0,0.35511111419720526
1.4000000000000001,0.3511407694483985,0.0,0.3511407694483985
1.405,0.34831637988965164,0.0,0.34831637988965164
1.41,0.34640545461198646,0.0,0.34640545461198646
1.415,0.34460252511139494,0.0,0.34460252511139494
1.42,0.34099066634481895,0.0,0.34099066634481895
1.425,0.33685532804770524,0.0,0.33685532804770524
1.43,0.3357903696904507,0.0,0.3357903696904507
1.435,0.3325189976099265,0.0,0.3325189976099265
1.44,0.32771468547149507,0.0,0.32771468547149507
1.445,0.32587425743719745,0.0,0.32587425743719745
1.45,0.32342185333281553,0.0,0.32342185333281553
1.455,0.32155592629559765,0.0,0.32155592629559765
1.46,0.31691210788142854,0.0,0.31691210788142854
1.465,0.3149696838354501,0.0,0.3149696838354501
1.47,0.3113578250688742,0.0,0.3113578250688742
1.475,0.3090554150993169,0.0,0.3090554150993169
1.48,0.3053715591480251,0.0,0.3053715591480251
1.485,0.3011507241940613,0.0,0.3011507241940613
1.49,0.3007682391502587,0.0,0.3007682391502587
1.495,0.295731436102849,0.0,0.295731436102849
1.5,0.29155409944798444,0.0,0.29155409944798444
1.5050000000000001,0.2905701379235352,0.0,0.2905701379235352
1.51,0.2879257413265778,0.0,0.2879257413265778
1.5150000000000001,0.28346191587419817,0.0,0.28346191587419817
1.52,0.27935057663865637,0.0,0.27935057663865637
1.5250000000000001,0.27662068338484885,0.0,0.27662068338484885
1.53,0.27524223728581093,0.0,0.27524223728581093
1.5350000000000001,0.2711023991646525,0.0,0.2711023991646525
1.54,0.2688794860865521,0.0,0.2688794860865521
1.545,0.26549561840490954,0.0,0.26549561840490954
1.55,0.2625782324825714,0.0,0.2625782324825714
1.555,0.2586393865020778,0.0,0.2586393865020778
1.56,0.25609098615140813,0.0,0.25609098615140813
1.565,0.2534030912553515,0.0,0.2534030912553515
1.57,0.2512851740716285,0.0,0.2512851740716285
1.575,0.24689184586261637,0.0,0.24689184586261637
1.58,0.24500791952921963,0.0,0.24500791952921963
1.585,0.24138106134916124,0.0,0.24138106134916124
1.59,0.239750625103618,0.0,0.239750625103618
1.595,0.23556128891796727,0.0,0.23556128891796727
1.6,0.23289139331808978,0.0,0.23289139331808978
1.605,0.23036549208764376,0.0,0.23036549208764376
1.61,0.22757560117990655,0.0,0.22757560117990655
1.615,0.22396074253063405,0.0,0.22396074253063405
1.62,0.22240530335250314,0.0,0.22240530335250314
1.625,0.21901843578816405,0.0,0.21901843578816405
1.6300000000000001,0.21663202910310492,0.0,0.21663202910310492
1.635,0.2120482083428656,0.0,0.2120482083428656
1.6400000000000001,0.21111674476560496,0.0,0.21111674476560496
1.645,0.20830435473764403,0.0,0.20830435473764403
1.6500000000000001,0.20443000623512503,0.0,0.20443000623512503
1.655,0.20088564482922008,0.0,0.20088564482922008
1.6600000000000001,0.19886372389178467,0.0,0.19886372389178467
1.665,0.1960228349782071,0.0,0.1960228349782071
1.67,0.1936694270028094,0.0,0.1936694270028094
1.675,0.18973058102231583,0.0,0.18973058102231583
1.68,0.1880446469468875,0.0,0.1880446469468875
1.685,0.1871416822552435,0.0,0.1871416822552435
1.69,0.18335133046822627,0.0,0.18335133046822627
1.695,0.1808659276541829,0.0,0.1808659276541829
1.7,0.1776590530516333,0.0,0.1776590530516333
1.705,0.17515415100006276,0.0,0.17515415100006276
1.71,0.17265524871388518,0.0,0.17265524871388518
1.715,0.17023134349511992,0.0,0.17023134349511992
1.72,0.16654748754382812,0.0,0.16654748754382812
1.725,0.16495904965603572,0.0,0.16495904965603572
1.73,0.16323261716420479,0.0,0.16323261716420479
1.735,0.1595232622099928,0.0,0.1595232622099928
1.74,0.1588452887205857,0.0,0.1588452887205857
1.745,0.15560541540837466,0.0,0.15560541540837466
1.75,0.15355499558532254,0.0,0.15355499558532254
1.7550000000000001,0.151123590659816,0.0,0.151123590659816
1.76,0.14861118890150418,0.0,0.14861118890150418
1.7650000000000001,0.14558130737804756,0.0,0.14558130737804756
1.77,0.14321439993051557,0.0,0.14321439993051557
1.7750000000000001,0.14066299969714932,0.0,0.14066299969714932
1.78,0.13944204743967722,0.0,0.13944204743967722
1.7850000000000001,0.1368021506667645,0.0,0.1368021506667645
1.79,0.13462573577045972,0.0,0.13462573577045972
1.795,0.13340628345433583,0.0,0.13340628345433583
1.8,0.1308218845113082,0.0,0.1308218845113082
1.805,0.12762400955684802,0.0,0.12762400955684802
1.81,0.12561108826750206,0.0,0.12561108826750206
1.815,0.12372416205140872,0.0,0.12372416205140872
1.82,0.12167524216970485,0.0,0.12167524216970485
1.825,0.11880435442916228,0.0,0.11880435442916228
1.83,0.1177483957199972,0.0,0.1177483957199972
1.835,0.11771539701033576,0.0,0.11771539701033576
1.84,0.11402554129365093,0.0,0.11402554129365093
1.845,0.11258559759933488,0.0,0.11258559759933488
1.85,0.1097177097414888,0.0,0.1097177097414888
1.855,0.10800477672179198,0.0,0.10800477672179198
1.86,0.1060758521479478,0.0,0.1060758521479478
1.865,0.10486539947991341,0.0,0.10486539947991341
1.87,0.10234699795620857,0.0,0.10234699795620857
1.875,0.10012258493675996,0.0,0.10012258493675996
1.8800000000000001,0.09902312792849574,0.0,0.09902312792849574
1.885,0.09732819420497787,0.0,0.09732819420497787
1.8900000000000001,0.09529277379540824,0.0,0.09529277379540824
1.895,0.09394732640603169,0.0,0.09394732640603169
1.9000000000000001,0.0921428969640919,0.0,0.0921428969640919
1.905,0.09092494458931627,0.0,0.09092494458931627
1.9100000000000001,0.08860753520627639,0.0,0.08860753520627639
1.915,0.0865901140928857,0.0,0.0865901140928857
1.92,0.08577114611674345,0.0,0.08577114611674345
1.925,0.08402371444603701,0.0,0.08402371444603701
1.93,0.08240377778993146,0.0,0.08240377778993146
1.935,0.08066984559135923,0.0,0.08066984559135923
1.94,0.07948039210220027,0.0,0.07948039210220027
1.945,0.07712848406815076,0.0,0.07712848406815076
1.95,0.07649700876053923,0.0,0.07649700876053923
1.955,0.07512156254419776,0.0,0.07512156254419776
1.96,0.0732946339820343,0.0,0.0732946339820343
1.965,0.07249216536072275,0.0,0.07249216536072275
1.97,0.07086472899787598,0.0,0.07086472899787598
1.975,0.06923879257637745,0.0,0.06923879257637745
1.98,0.06825633099327642,0.0,0.06825633099327642
1.985,0.06615491316438395,0.0,0.06615491316438395
1.99,0.06489646237320566,0.0,0.06489646237320566
1.995,0.06436398319457837,0.0,0.06436398319457837
2.0,0.062483056743878065,0.0,0.062483056743878065
2.005,0.061089611231357636,0.0,0.061089611231357636
2.0100000000000002,0.059804161495910925,0.0,0.059804161495910925
2.015,0.05920118507391609,0.0,0.05920118507391609
2.02,0.05838371703912209,0.0,0.05838371703912209
2.025,0.05645479246527789,0.0,0.05645479246527789
2.0300000000000002,0.05513934390286627,0.0,0.05513934390286627
2.035,0.05373989862495287,0.0,0.05373989862495287
2.04,0.05301242707105361,0.0,0.05301242707105361
2.045,0.05173297710099989,0.0,0.05173297710099989
2.05,0.05068151821587954,0.0,0.05068151821587954
2.055,0.04974555481457412,0.0,0.04974555481457412
2.06,0.04870459551889148,0.0,0.04870459551889148
2.065,0.04831611070969579,0.0,0.04831611070969579
2.07,0.04668717440550078,0.0,0.04668717440550078
2.075,0.04606019892193402,0.0,0.04606019892193402
2.08,0.04434126613684424,0.0,0.04434126613684424
2.085,0.043669292412830095,0.0,0.043669292412830095
2.09,0.04331980607868881,0.0,0.04331980607868881
2.095,0.041950359627740325,0.0,0.041950359627740325
2.1,0.040375421212082166,0.0,0.040375421212082166
2.105,0.0397619452006496,0.0,0.0397619452006496
2.11,0.03940345921841884,0.0,0.03940345921841884
2.115,0.03861149018654503,0.0,0.03861149018654503
2.12,0.038257504028359,0.0,0.038257504028359
2.125,0.03668406555404908,0.0,0.03668406555404908
2.13,0.035727102973868226,0.0,0.035727102973868226
2.1350000000000002,0.0350101310094067,0.0,0.0350101310094067
2.14,0.03461714637616628,0.0,0.03461714637616628
2.145,0.033565687491045916,0.0,0.033565687491045916
2.15,0.03309020608365199,0.0,0.03309020608365199
2.1550000000000002,0.031500268254511375,0.0,0.031500268254511375
2.16,0.03133977453024907,0.0,0.03133977453024907
2.165,0.03012782192086641,0.0,0.03012782192086641
2.17,0.029257855938883803,0.0,0.029257855938883803
2.1750000000000003,0.029218857463829424,0.0,0.029218857463829424
2.18,0.028848371950812687,0.0,0.028848371950812687
2.185,0.027580921511544933,0.0,0.027580921511544933
2.19,0.027001944151122042,0.0,0.027001944151122042
2.195,0.02629247189340174,0.0,0.02629247189340174
2.2,0.025686495588710414,0.0,0.025686495588710414
2.205,0.02607048057386135,0.0,0.02607048057386135
2.21,0.0248030301345936,0.0,0.0248030301345936
2.215,0.02421505312608122,0.0,0.02421505312608122
2.22,0.023631575941613574,0.0,0.023631575941613574
2.225,0.023076597642762604,0.0,0.023076597642762604
2.23,0.022500620165036195,0.0,0.022500620165036195
2.235,0.022076136763482617,0.0,0.022076136763482617
2.24,0.021006678582183316,0.0,0.021006678582183316
2.245,0.021287167614305293,0.0,0.021287167614305293
2.25,0.020748688670285023,0.0,0.020748688670285023
2.255,0.020046716119305964,0.0,0.020046716119305964
2.2600000000000002,0.019352243275068123,0.0,0.019352243275068123
2.265,0.01904325535732948,0.0,0.01904325535732948
2.27,0.018638271193303094,0.0,0.018638271193303094
2.275,0.01805029418479072,0.0,0.01805029418479072
2.2800000000000002,0.0176573095515503,0.0,0.0176573095515503
2.285,0.01728082427314059,0.0,0.01728082427314059
2.29,0.0166958471473247,0.0,0.0166958471473247
2.295,0.016170867675438648,0.0,0.016170867675438648
2.3000000000000003,0.01574488433253683,0.0,0.01574488433253683
2.305,0.0157898825729842,0.0,0.0157898825729842
2.31,0.015227404567392003,0.0,0.015227404567392003
2.315,0.014661926679103312,0.0,0.014661926679103312
2.32,0.014627428028093659,0.0,0.014627428028093659
2.325,0.013949454538686526,0.0,0.013949454538686526
2.33,0.013695964450832977,0.0,0.013695964450832977
2.335,0.013250481870403957,0.0,0.013250481870403957
2.34,0.013151485741419729,0.0,0.013151485741419729
2.345,0.012581508029086298,0.0,0.012581508029086298
2.35,0.012629506152230166,0.0,0.012629506152230166
2.355,0.011861536181928284,0.0,0.011861536181928284
2.36,0.011815038000132665,0.0,0.011815038000132665
2.365,0.011521049495876476,0.0,0.011521049495876476
2.37,0.01096457125567726,0.0,0.01096457125567726
2.375,0.010627084452321942,0.0,0.010627084452321942
2.38,0.010501089379069288,0.0,0.010501089379069288
2.3850000000000002,0.010334595889413996,0.0,0.010334595889413996
2.39,0.009901112839770944,0.0,0.009901112839770944
2.395,0.009866614188761287,0.0,0.009866614188761287
2.4,0.00941213196024279,0.0,0.00941213196024279
2.4050000000000002,0.009305636124517335,0.0,0.009305636124517335
2.41,0.008986148617340966,0.0,0.008986148617340966
2.415,0.008881152722963756,0.0,0.008881152722963756
2.42,0.008347173602988228,0.0,0.008347173602988228
2.4250000000000003,0.008326174424112787,0.0,0.008326174424112787
2.43,0.008320174658719804,0.0,0.008320174658719804
2.435,0.007685699468411803,0.0,0.007685699468411803
2.44,0.007444208911344219,0.0,0.007444208911344219
2.445,0.007441209028647727,0.0,0.007441209028647727
2.45,0.007150220407088029,0.0,0.007150220407088029
2.455,0.007087222870461704,0.0,0.007087222870461704
2.46,0.006599741932281799,0.0,0.006599741932281799
2.465,0.006539744278351963,0.0,0.006539744278351963
2.47,0.006313253134766838,0.0,0.006313253134766838
2.475,0.006158759175897514,0.0,0.006158759175897514
2.48,0.006326752606901051,0.0,0.006326752606901051
2.485,0.005887269791865013,0.0,0.005887269791865013
2.49,0.005641279410752691,0.0,0.005641279410752691
2.495,0.005605280818394793,0.0,0.005605280818394793
2.5,0.005497285041321089,0.0,0.005497285041321089
2.505,0.005285793311218422,0.0,0.005285793311218422
2.5100000000000002,0.005221295833243849,0.0,0.005221295833243849
2.515,0.004993304748310478,0.0,0.004993304748310478
2.52,0.004876309323147301,0.0,0.004876309323147301
2.525,0.004850810320227121,0.0,0.004850810320227121
2.5300000000000002,0.004618319411249013,0.0,0.004618319411249013
2.535,0.004345330085868266,0.0,0.004345330085868266
2.54,0.0044158273292358215,0.0,0.0044158273292358215
2.545,0.004165337124078763,0.0,0.004165337124078763
2.5500000000000003,0.0041698369481235,0.0,0.0041698369481235
2.555,0.003976344514199784,0.0,0.003976344514199784
2.56,0.004048341698915585,0.0,0.004048341698915585
2.565,0.0037783522562313287,0.0,0.0037783522562313287
2.57,0.003577360115566384,0.0,0.003577360115566384
2.575,0.0035383616405119923,0.0,0.0035383616405119923
2.58,0.0033733680922049467,0.0,0.0033733680922049467
2.585,0.0032218740160321144,0.0,0.0032218740160321144
2.59,0.003103378649520691,0.0,0.003103378649520691
2.595,0.003017881992670677,0.0,0.003017881992670677
2.6,0.003052380643680332,0.0,0.003052380643680332
2.605,0.0030058824618847107,0.0,0.0030058824618847107
2.61,0.0027928907904337975,0.0,0.0027928907904337975
2.615,0.0027448926672899304,0.0,0.0027448926672899304
2.62,0.00261439776999254,0.0,0.00261439776999254
2.625,0.002617397652689032,0.0,0.002617397652689032
2.63,0.0026578960690916698,0.0,0.0026578960690916698
2.6350000000000002,0.0024134056293275944,0.0,0.0024134056293275944
2.64,0.002434404808203037,0.0,0.002434404808203037
2.645,0.002360907682138989,0.0,0.002360907682138989
2.65,0.002152415834732814,0.0,0.002152415834732814
2.6550000000000002,0.0022694112598959913,0.0,0.0022694112598959913
2.66,0.002183914603045977,0.0,0.002183914603045977
2.665,0.002063919295186308,0.0,0.002063919295186308
2.67,0.0019604233421573435,0.0,0.0019604233421573435
2.6750000000000003,0.0019049255122722463,0.0,0.0019049255122722463
2.68,0.0018659270372178545,0.0,0.0018659270372178545
2.685,0.0017759305563231022,0.0,0.0017759305563231022
2.69,0.0016769344273388756,0.0,0.0016769344273388756
2.695,0.0016979336062143172,0.0,0.0016979336062143172
2.7,0.0016439357176774663,0.0,0.0016439357176774663
2.705,0.0015959375945335985,0.0,0.0015959375945335985
2.71,0.001648435541722204,0.0,0.001648435541722204
2.715,0.0015344399992555182,0.0,0.0015344399992555182
2.72,0.0013979453365651443,0.0,0.0013979453365651443
2.725,0.0014189445154405864,0.0,0.0014189445154405864
2.73,0.0014654426972362086,0.0,0.0014654426972362086
2.735,0.0013004491489291632,0.0,0.0013004491489291632
2.74,0.0013799460403861943,0.0,0.0013799460403861943
2.745,0.0012314518469098536,0.0,0.0012314518469098536
2.75,0.0011384554833186102,0.0,0.0011384554833186102
2.755,0.0011024568909607094,0.0,0.0011024568909607094
2.7600000000000002,0.0010979570669159718,0.0,0.0010979570669159718
2.765,0.001061958474558071,0.0,0.001061958474558071
2.77,0.0010484590024238585,0.0,0.0010484590024238585
2.775,0.0009389632840019102,0.0,0.0009389632840019102
2.7800000000000002,0.0010694581812993004,0.0,0.0010694581812993004
2.785,0.0008819655127685675,0.0,0.0008819655127685675
2.79,0.0009029646916440096,0.0,0.0009029646916440096
2.795,0.0008714659233308463,0.0,0.0008714659233308463
2.8000000000000003,0.0009299636359124352,0.0,0.0009299636359124352
2.805,0.0008624662752413712,0.0,0.0008624662752413712
2.81,0.0006644740172729173,0.0,0.0006644740172729173
2.815,0.0008684660406343549,0.0,0.0008684660406343549
2.82,0.0007619702049088985,0.0,0.0007619702049088985
2.825,0.0006944728442378346,0.0,0.0006944728442378346
2.83,0.0006779734894071301,0.0,0.0006779734894071301
2.835,0.0006779734894071301,0.0,0.0006779734894071301
2.84,0.0007514706154711773,0.0,0.0007514706154711773
2.845,0.0006884730788448512,0.0,0.0006884730788448512
2.85,0.0006659739586211633,0.0,0.0006659739586211633
2.855,0.0005834771844676407,0.0,0.0005834771844676407
2.86,0.0005264794132342981,0.0,0.0005264794132342981
2.865,0.000536979002672019,0.0,0.000536979002672019
2.87,0.0005264794132342981,0.0,0.0005264794132342981
2.875,0.0005624780055921987,0.0,0.0005624780055921987
2.88,0.0004544822285184966,0.0,0.0004544822285184966
2.8850000000000002,0.0005249794718860521,0.0,0.0005249794718860521
2.89,0.0004904808208763974,0.0,0.0004904808208763974
2.895,0.00041548375346410417,0.0,0.00041548375346410417
2.9,0.0004019842813298914,0.0,0.0004019842813298914
2.9050000000000002,0.00038698486784743285,0.0,0.00038698486784743285
2.91,0.0004124838707676124,0.0,0.0004124838707676124
2.915,0.0004109839294193667,0.0,0.0004109839294193667
2.92,0.0003644857476237448,0.0,0.0003644857476237448
2.9250000000000003,0.0004349829909913004,0.0,0.0004349829909913004
2.93,0.0003239873312211066,0.0,0.0003239873312211066
2.935,0.0003089879177386479,0.0,0.0003089879177386479
2.94,0.0003554860995342697,0.0,0.0003554860995342697
2.945,0.00033748680335531935,0.0,0.00033748680335531935
2.95,0.00031348774178338546,0.0,0.00031348774178338546
2.955,0.00033598686200707345,0.0,0.00033598686200707345
2.96,0.00028798873886320584,0.0,0.00028798873886320584
2.965,0.0002789890907737307,0.0,0.0002789890907737307
2.97,0.0002849888561667141,0.0,0.0002849888561667141
2.975,0.00024599038111232163,0.0,0.00024599038111232163
2.98,0.00026998944268425546,0.0,0.00026998944268425546
2.985,0.000263989677291272,0.0,0.000263989677291272
2.99,0.00022799108493337127,0.0,0.00022799108493337127
2.995,0.00023249090897810887,0.0,0.00023249090897810887
3.0,0.0002279910849333713,0.0,0.0002279910849333713
3.005,0.00022199131954038785,0.0,0.00022199131954038785
3.0100000000000002,0.00020399202336143747,0.0,0.00020399202336143747
3.015,0.00018899260987897883,0.0,0.00018899260987897883
3.02,0.00018299284448599536,0.0,0.00018299284448599536
3.025,0.00016049372426230743,0.0,0.00016049372426230743
3.0300000000000002,0.00016049372426230743,0.0,0.00016049372426230743
3.035,0.00015599390021756984,0.0,0.00015599390021756984
3.04,0.0002084918474061751,0.0,0.0002084918474061751
3.045,0.00011849536651142322,0.0,0.00011849536651142322
3.0500000000000003,0.00011249560111843977,0.0,0.00011249560111843977
3.055,0.00014999413482458636,0.0,0.00014999413482458636
3.06,0.00014399436943160292,0.0,0.00014399436943160292
3.065,0.0001244951319044067,0.0,0.0001244951319044067
3.0700000000000003,0.00011699542516317737,0.0,0.00011699542516317737
3.075,0.00013499472134212773,0.0,0.00013499472134212773
3.08,0.00014549431077984877,0.0,0.00014549431077984877
3.085,0.00010799577707370218,0.0,0.00010799577707370218
3.09,0.00011699542516317737,0.0,0.00011699542516317737
3.095,0.00013349477999388185,0.0,0.00013349477999388185
3.1,7.499706741229317e-5,0.0,7.499706741229317e-5
3.105,0.00011699542516317737,0.0,0.00011699542516317737
3.11,8.24967741535225e-5,0.0,8.24967741535225e-5
3.115,8.849653954650596e-5,0.0,8.849653954650596e-5
3.12,7.799695010878492e-5,0.0,7.799695010878492e-5
3.125,6.749736067106386e-5,0.0,6.749736067106386e-5
3.13,7.649700876053904e-5,0.0,7.649700876053904e-5
3.1350000000000002,8.999648089475182e-5,0.0,8.999648089475182e-5
3.14,6.299753662632627e-5,0.0,6.299753662632627e-5
3.145,6.299753662632627e-5,0.0,6.299753662632627e-5
3.15,0.00010649583572545633,0.0,0.00010649583572545633
3.1550000000000002,7.349712606404731e-5,0.0,7.349712606404731e-5
3.16,9.149642224299767e-5,0.0,9.149642224299767e-5
3.165,5.999765392983454e-5,0.0,5.999765392983454e-5
3.17,7.799695010878492e-5,0.0,7.799695010878492e-5
3.1750000000000003,4.94980644921135e-5,0.0,4.94980644921135e-5
3.18,7.049724336755559e-5,0.0,7.049724336755559e-5
3.185,4.6498181795621764e-5,0.0,4.6498181795621764e-5
3.19,7.049724336755559e-5,0.0,7.049724336755559e-5
3.1950000000000003,5.5497829885096956e-5,0.0,5.5497829885096956e-5
3.2,3.7498533706146584e-5,0.0,3.7498533706146584e-5
3.205,5.849771258158867e-5,0.0,5.849771258158867e-5
3.21,3.899847505439246e-5,0.0,3.899847505439246e-5
3.215,4.799812314386763e-5,0.0,4.799812314386763e-5
3.22,4.94980644921135e-5,0.0,4.94980644921135e-5
3.225,3.1498768313163134e-5,0.0,3.1498768313163134e-5
3.23,4.049841640263832e-5,0.0,4.049841640263832e-5
3.235,3.4498651009654856e-5,0.0,3.4498651009654856e-5
3.24,2.5499002920179683e-5,0.0,2.5499002920179683e-5
3.245,2.5499002920179683e-5,0.0,2.5499002920179683e-5
3.25,3.599859235790073e-5,0.0,3.599859235790073e-5
3.255,4.799812314386763e-5,0.0,4.799812314386763e-5
3.2600000000000002,3.449865100965486e-5,0.0,3.449865100965486e-5
3.265,4.94980644921135e-5,0.0,4.94980644921135e-5
3.27,2.5499002920179683e-5,0.0,2.5499002920179683e-5
3.275,1.64993548307045e-5,0.0,1.64993548307045e-5
3.2800000000000002,1.7999296178950362e-5,0.0,1.7999296178950362e-5
3.285,2.849888561667141e-5,0.0,2.849888561667141e-5
3.29,2.6998944268425544e-5,0.0,2.6998944268425544e-5
3.295,2.999882696491727e-5,0.0,2.999882696491727e-5
3.3000000000000003,3.2998709661409e-5,0.0,3.2998709661409e-5
3.305,1.3499472134212772e-5,0.0,1.3499472134212772e-5
3.31,2.099917887544209e-5,0.0,2.099917887544209e-5
3.315,2.0999178875442087e-5,0.0,2.0999178875442087e-5
3.3200000000000003,1.3499472134212772e-5,0.0,1.3499472134212772e-5
3.325,1.1999530785966908e-5,0.0,1.1999530785966908e-5
3.33,1.64993548307045e-5,0.0,1.64993548307045e-5
3.335,1.4999413482458635e-5,0.0,1.4999413482458635e-5
3.34,5.999765392983454e-6,0.0,5.999765392983454e-6
3.345,7.499706741229317e-6,0.0,7.499706741229317e-6
3.35,0.0,0.0,0.0
3.355,1.4999413482458635e-5,0.0,1.4999413482458635e-5
3.36,1.64993548307045e-5,0.0,1.64993548307045e-5
3.365,1.0499589437721045e-5,0.0,1.0499589437721045e-5
3.37,1.3499472134212772e-5,0.0,1.3499472134212772e-5
3.375,1.7999296178950365e-5,0.0,1.7999296178950365e-5
3.38,1.6499354830704497e-5,0.0,1.6499354830704497e-5
3.3850000000000002,5.999765392983454e-6,0.0,5.999765392983454e-6
3.39,1.4999413482458635e-5,0.0,1.4999413482458635e-5
3.395,1.4999413482458635e-5,0.0,1.4999413482458635e-5
3.4,1.1999530785966908e-5,0.0,1.1999530785966908e-5
3.4050000000000002,1.64993548307045e-5,0.0,1.64993548307045e-5
3.41,8.999648089475183e-6,0.0,8.999648089475183e-6
3.415,8.999648089475183e-6,0.0,8.999648089475183e-6
3.42,2.999882696491727e-6,0.0,2.999882696491727e-6
3.4250000000000003,4.4998240447375904e-6,0.0,4.4998240447375904e-6
3.43,8.999648089475183e-6,0.0,8.999648089475183e-6
3.435,1.0499589437721045e-5,0.0,1.0499589437721045e-5
3.44,1.1999530785966908e-5,0.0,1.1999530785966908e-5
3.4450000000000003,5.999765392983454e-6,0.0,5.999765392983454e-6
3.45,2.999882696491727e-6,0.0,2.999882696491727e-6
3.455,2.999882696491727e-6,0.0,2.999882696491727e-6
3.46,5.999765392983454e-6,0.0,5.999765392983454e-6
3.465,4.4998240447375904e-6,0.0,4.4998240447375904e-6
3.47,2.999882696491727e-6,0.0,2.999882696491727e-6
3.475,7.499706741229317e-6,0.0,7.499706741229317e-6
3.48,5.999765392983454e-6,0.0,5.999765392983454e-6
3.485,5.999765392983454e-6,0.0,5.999765392983454e-6
3.49,2.999882696491727e-6,0.0,2.999882696491727e-6
3.495,7.499706741229317e-6,0.0,7.499706741229317e-6
3.5,2.999882696491727e-6,0.0,2.999882696491727e-6
3.505,7.499706741229317e-6,0.0,7.499706741229317e-6
3.5100000000000002,0.0,0.0,0.0
3.515,1.4999413482458635e-6,0.0,1.4999413482458635e-6
3.52,2.999882696491727e-6,0.0,2.999882696491727e-6
3.525,1.4999413482458635e-6,0.0,1.4999413482458635e-6
3.5300000000000002,0.0,0.0,0.0
3.535,4.4998240447375904e-6,0.0,4.4998240447375904e-6
3.54,2.999882696491727e-6,0.0,2.999882696491727e-6
3.545,7.499706741229317e-6,0.0,7.499706741229317e-6
3.5500000000000003,4.499824044737591e-6,0.0,4.499824044737591e-6
3.555,1.4999413482458635e-6,0.0,1.4999413482458635e-6
3.56,1.4999413482458635e-6,0.0,1.4999413482458635e-6
3.565,2.999882696491727e-6,0.0,2.999882696491727e-6
3.5700000000000003,0.0,0.0,0.0
3.575,0.0,0.0,0.0
3.58,0.0,0.0,0.0
3.585,5.999765392983454e-6,0.0,5.999765392983454e-6
3.59,5.999765392983454e-6,0.0,5.999765392983454e-6
3.595,0.0,0.0,0.0
3.6,0.0,0.0,0.0
3.605,0.0,0.0,0.0
3.61,0.0,0.0,0.0
3.615,0.0,0.0,0.0
3.62,2.999882696491727e-6,0.0,2.999882696491727e-6
3.625,0.0,0.0,0.0
3.63,0.0,0.0,0.0
3.6350000000000002,0.0,0.0,0.0
3.64,0.0,0.0,0.0
3.645,1.4999413482458635e-6,0.0,1.4999413482458635e-6
3.65,0.0,0.0,0.0
3.6550000000000002,0.0,0.0,0.0
3.66,0.0,0.0,0.0
3.665,0.0,0.0,0.0
3.67,0.0,0.0,0.0
3.6750000000000003,0.0,0.0,0.0
3.68,2.999882696491727e-6,0.0,2.999882696491727e-6
3.685,0.0,0.0,0.0
3.69,0.0,0.0,0.0
3.6950000000000003,1.4999413482458635e-6,0.0,1.4999413482458635e-6
3.7,1.4999413482458635e-6,0.0,1.4999413482458635e-6
3.705,1.4999413482458635e-6,0.0,1.4999413482458635e-6
3.71,0.0,0.0,0.0
3.715,0.0,0.0,0.0
3.72,0.0,0.0,0.0
3.725,1.4999413482458635e-6,0.0,1.4999413482458635e-6
3.73,1.4999413482458635e-6,0.0,1.4999413482458635e-6
3.735,0.0,0.0,0.0
3.74,0.0,0.0,0.0
3.745,4.499824044737591e-6,0.0,4.499824044737591e-6
3.75,0.0,0.0,0.0
3.755,0.0,0.0,0.0
3.7600000000000002,0.0,0.0,0.0
