j,theta,chi2_min,chi2_avg,chi2_sigma,w_edge_R,w_n0_R,n0_R,eps_R,w_edge_R_sigma,w_n0_R_sigma,n0_R_sigma,w_edge_L,w_n0_L,n0_L,eps_L,w_edge_L_sigma,w_n0_L_sigma,n0_L_sigma,
0,10.0,2.109229596792602e7,2.304146548825087e7,321371.2348788963,-0.10534645528500197, 0.017926251805571957,0.75,0.5,3.32761267898879e-5, 0.00021487684174874107,0.0,0.3042267715265863, 0.13254006670473362,0.75,0.5,0.002754741191031167, 0.006530560135248698,0.0
1,10.0,1.674085768889458e7,1.886642686985561e7,217058.36846094453,-0.10531364161938535, 0.00864210329231754,0.75,0.5,4.56542870110752e-6, 0.0012169191795828745,0.0,0.21078803532140716, 0.07855047121768324,0.75,0.5,0.006344924211779322, 0.000971013466336587,0.0
2,9.52380952,1.3375184226237876e7,1.5557586497665327e7,188024.09411435178,-0.10532198279889697, -0.0062812578089644685,0.75,0.5,4.590016356585837e-6, 0.00029122676696942846,0.0,0.12603002951983017, 0.05678828223090663,0.75,0.5,0.004807820229494882, 0.0010536095452454374,0.0
3,9.07029478,1.0110901528412713e7,1.1134361365517803e7,198354.79120517653,-0.10850334564843825, -0.04258792166294943,0.75,0.5,0.0006435367345251534, 0.0017290837890811385,0.0,0.07287316374097379, -0.02795102204610108,0.75,0.5,5.634700262964043e-6, 0.006518423701736953,0.0
4,8.63837599,9.384644684977485e6,9.665552515996678e6,25399.309841554965,-0.11783228421965078, -0.09168979675502922,0.75,0.5,0.0006291630033336038, 0.001760535614657434,0.0,0.07291507369692238, -0.058976610005140415,0.75,0.5,8.968959872096847e-9, 7.3611409297988785e-6,0.0
5,8.22702475,8.437736965105161e6,8.977472872221677e6,57747.999780565464,-0.15118561258304455, -0.1367699449680256,0.75,0.5,0.003168947604059643, 0.0037580525500288293,0.0,0.07291510997293142, -0.059112643972001756,0.75,0.5,2.945100572117026e-9, 4.730463670010136e-6,0.0
6,7.83526166,7.220156025385556e6,7.820453567661965e6,75795.61881166161,-0.23545933926458332, -0.1857942176351428,0.75,0.5,0.00737796097187038, 0.0011309435392729775,0.0,0.07291528199847805, -0.05922393679394946,0.75,0.5,1.1951895507965293e-8, 5.10927178751529e-6,0.0
7,7.46215397,6.9597283358313115e6,7.091906363886039e6,12278.406610530184,-0.2838854534627008, -0.19107549738355648,0.75,0.5,0.00026981695683803977, 2.776074886416565e-6,0.0,0.07291550383191299, -0.059333061220783356,0.75,0.5,1.3383621293091314e-8, 5.1308230825886995e-6,0.0
8,7.1068133,2.9372711425314904e6,5.114396583565098e6,304452.05654006085,-0.5635835662768981, -0.1911230289029045,0.75,0.5,0.04847952835579487, 2.4153271631251635e-6,0.0,0.0729157109050979, -0.05945502505346326,0.75,0.5,2.010615055241275e-8, 6.201248450410531e-6,0.0
9,6.76839362,2.9312925554020735e6,2.934215471874652e6,279.3408900888111,-0.957481781610193, -0.1911632438115021,0.75,0.5,4.822588413043712e-6, 1.1809473074624389e-6,0.0,0.07291620854884252, -0.059658168812670234,0.75,0.5,2.0183982172004213e-8, 1.1567114123136415e-5,0.0
10,6.44608916,2.9269528442117004e6,2.9292596267527826e6,196.62436372714356,-0.9575510849639652, -0.19118023063108053,0.75,0.5,1.8131216809897088e-6, 3.8984077801550294e-7,0.0,0.07291646510326949, -0.059865769047236096,0.75,0.5,5.725541519109689e-9, 8.615240529483027e-6,0.0
11,6.13913254,2.922186921967895e6,2.924499795118472e6,216.10683779120558,-0.9575952038358277, -0.19119095693768978,0.75,0.5,1.5695657034053245e-6, 4.2959700096935505e-7,0.0,0.07291660745271936, -0.060048242692652035,0.75,0.5,5.150958470480967e-9, 7.913345506559955e-6,0.0
12,5.84679289,2.9174843363228543e6,2.9197022534054206e6,214.98438636958778,-0.9576392918181418, -0.19120225905224741,0.75,0.5,2.9686805551461173e-6, 7.291322608065607e-7,0.0,0.07291676672495899, -0.06025717446006895,0.75,0.5,1.2483428706031974e-8, 8.612663528714403e-6,0.0
13,5.56837418,2.913430223736403e6,2.91548799196068e6,189.42703217085648,-0.9576984334641198, -0.1912169843442911,0.75,0.5,2.7921410339753695e-6, 6.800436079689369e-7,0.0,0.07291700810124409, -0.060421208311496236,0.75,0.5,1.0233687988743783e-8, 7.2997123768776165e-6,0.0
14,5.30321351,2.909670638350694e6,2.9113595641227975e6,180.5300543435826,-0.9577552880460892, -0.1912307015741535,0.75,0.5,2.399277985131877e-6, 5.64813441650677e-7,0.0,0.07291722007332282, -0.06058539604057409,0.75,0.5,8.497848239329504e-9, 7.788701001388987e-6,0.0
15,5.05067953,2.906353795526356e6,2.9080940325228097e6,159.68973222631567,-0.957796446186047, -0.19124119969224967,0.75,0.5,3.475822438663963e-6, 9.002305956369286e-7,0.0,0.07291737779742948, -0.06071292838649951,0.75,0.5,1.5750093874789554e-8, 5.632146093142812e-6,0.0
16,4.81017098,2.902905113717587e6,2.90472676125153e6,164.86483241992312,-0.9578574702989087, -0.19125640137913427,0.75,0.5,2.8742171070788167e-6, 6.831238754084472e-7,0.0,0.07291765157062442, -0.06084386150395751,0.75,0.5,1.4195669895874553e-8, 6.8839510538836145e-6,0.0
17,4.58111522,2.8999321143465796e6,2.9013891483999016e6,137.62962407249117,-0.9579028515473678, -0.19126755054653874,0.75,0.5,1.7200719670851276e-6, 4.109915182383734e-7,0.0,0.07291781625092011, -0.060979258158804485,0.75,0.5,6.330605050386338e-9, 5.160780367839979e-6,0.0
18,4.36296688,2.8973312929948256e6,2.898680748882569e6,115.82480167561519,-0.9579311090186072, -0.19127463187917587,0.75,0.5,1.7059781389449336e-6, 4.7280903944220183e-7,0.0,0.07291792201277483, -0.06108687857456437,0.75,0.5,9.327542781119046e-9, 4.520256261765065e-6,0.0
19,4.15520655,2.894774048685023e6,2.8959315311768386e6,116.11827395049686,-0.9579727643013687, -0.19128453870852052,0.75,0.5,8.397327177598879e-7, 1.760660149920216e-7,0.0,0.07291807828696659, -0.061193401297861626,0.75,0.5,2.5570633746074293e-9, 4.891116756825319e-6,0.0
20,3.95733957,2.892473976202901e6,2.8935106795841963e6,106.1089632550825,-0.9579993601292014, -0.19129120325922527,0.75,0.5,1.256576621680204e-6, 2.585653976149741e-7,0.0,0.07291818652958243, -0.06129703856309321,0.75,0.5,2.9900665401709204e-9, 4.74702813054397e-6,0.0
21,3.76889483,2.8905188205778426e6,2.8914628551713633e6,89.14567709100405,-0.958019096879718, -0.1912959934964577,0.75,0.5,6.55420935132697e-7, 1.548585586030569e-7,0.0,0.07291824264411799, -0.06138055190167955,0.75,0.5,8.947857868210624e-10, 3.741347470734566e-6,0.0
22,3.58942365,2.8885945058453544e6,2.8895552478546803e6,88.79026939349896,-0.958028708828244, -0.19129810750449824,0.75,0.5,5.61670848928262e-7, 1.071528551494935e-7,0.0,0.0729182547720976, -0.06146506469038863,0.75,0.5,2.256760998668533e-9, 3.73039071280365e-6,0.0
23,3.41849871,2.8865993550627884e6,2.887645387152289e6,93.24450887912566,-0.958048857982001, -0.19130341414622526,0.75,0.5,1.1620039769936741e-6, 2.750269349070262e-7,0.0,0.07291834088033358, -0.06154189851848778,0.75,0.5,4.925838874659979e-9, 3.7017851262989246e-6,0.0
24,3.25571306,2.885018784379129e6,2.885773073033178e6,70.81249771468065,-0.9580719885175423, -0.19130883675182025,0.75,0.5,8.857172100072078e-7, 2.2014114705495342e-7,0.0,0.0729184182453602, -0.06161430979373082,0.75,0.5,3.4170196657317818e-9, 2.7392822403213085e-6,0.0
25,3.1006791,2.883421455564864e6,2.884256356464889e6,69.69399551777178,-0.9580905604186623, -0.1913134149617643,0.75,0.5,6.025115395133879e-7, 1.1148853764479993e-7,0.0,0.07291848412561094, -0.06167668187628469,0.75,0.5,1.011455411738471e-9, 3.4352434199363087e-6,0.0
26,2.95302772,2.8820335782623338e6,2.8827012845324553e6,65.98558011578577,-0.958100114956364, -0.1913158812486015,0.75,0.5,7.028033367908292e-7, 2.045015684028007e-7,0.0,0.0729185194369888, -0.06175064536544831,0.75,0.5,3.2944106828288648e-9, 2.9545909424614615e-6,0.0
27,2.81240735,2.8808326585728494e6,2.8814360850923485e6,51.73434579112083,-0.9581116824104006, -0.19131818391333438,0.75,0.5,2.586025526600477e-7, 4.6985484817989924e-8,0.0,0.07291854088143604, -0.06180699817893529,0.75,0.5,2.109030325235046e-10, 2.2799502089109094e-6,0.0
28,2.67848319,2.879693566020314e6,2.880241919533205e6,50.989423798144585,-0.9581202545026848, -0.19132036587924747,0.75,0.5,6.147796989905028e-7, 1.6473943541338315e-7,0.0,0.07291856852426647, -0.061861225249345855,0.75,0.5,2.135230464277819e-9, 2.2963939469134153e-6,0.0
29,2.55093637,2.8786465064824554e6,2.8791514146346115e6,49.17639866904009,-0.9581285524302154, -0.19132256572515047,0.75,0.5,2.2689873150782802e-7, 7.022152576444699e-8,0.0,0.0729185917853398, -0.061915863457106354,0.75,0.5,9.892229075427994e-10, 2.3581611421742165e-6,0.0
30,2.42946321,2.877717755385141e6,2.8781661065870854e6,45.01756761935514,-0.958134682087393, -0.19132368206684228,0.75,0.5,4.0214380578100044e-7, 5.947465517162829e-8,0.0,0.07291859990455644, -0.06196104422384567,0.75,0.5,6.994862260285865e-10, 1.99438244473196e-6,0.0
31,2.31377449,2.876882757424529e6,2.877297616024419e6,40.54175404104674,-0.9581408316399103, -0.1913253728666822,0.75,0.5,7.239096592137744e-7, 1.7248619125878758e-7,0.0,0.07291862662068607, -0.06199722825481537,0.75,0.5,3.131750253873719e-9, 1.6356465645211669e-6,0.0
32,2.20359475,2.8761850455646263e6,2.8765516736749103e6,30.955642991471997,-0.9581499546445353, -0.19132743190016957,0.75,0.5,2.985528906629026e-7, 3.16185781342579e-8,0.0,0.07291865115612371, -0.062028576460002885,0.75,0.5,2.9826192894035416e-10, 1.3759832482507487e-6,0.0
33,2.09866167,2.8755537320839386e6,2.8758369238518304e6,29.96290819944878,-0.9581570687040456, -0.19132914814518123,0.75,0.5,5.220616492739715e-7, 1.4042911548145685e-7,0.0,0.07291867927832554, -0.06206154117741758,0.75,0.5,1.8686056289429877e-9, 1.3604331459808669e-6,0.0
34,1.9987254,2.87496771606839e6,2.875277409969832e6,28.646417741442814,-0.9581624379239739, -0.19133032525653887,0.75,0.5,1.1285499900511037e-7, 2.188519133400732e-8,0.0,0.07291868636253614, -0.06208371597501433,0.75,0.5,5.775817417968459e-10, 1.0474166921589014e-6,0.0
35,1.903548,2.8745148672688575e6,2.8747491985417875e6,21.336395467880035,-0.958163905961235, -0.19133076571413865,0.75,0.5,1.5371344555563987e-7, 1.6034179591035782e-8,0.0,0.07291868636253605, -0.0621062110511964,0.75,0.5,2.109030325235046e-10, 9.412459863940398e-7,0.0
36,1.81290285,2.8740553976106e6,2.874287257628897e6,21.18479625312694,-0.9581658572254568, -0.19133111036850042,0.75,0.5,1.9116332771845297e-7, 1.3589750919639349e-8,0.0,0.07291868636253605, -0.062126059443954065,0.75,0.5,2.109030325235046e-10, 8.618951422317927e-7,0.0
37,1.72657415,2.8736840259594093e6,2.8738634045977257e6,17.1080982845108,-0.9581675310186452, -0.1913314014821203,0.75,0.5,1.6498603329750524e-7, 1.665466408546803e-8,0.0,0.07291868636253605, -0.06214363357662985,0.75,0.5,2.109030325235046e-10, 8.101005109713138e-7,0.0
38,1.64435633,2.8733918561832085e6,2.8735273903228254e6,13.873421667969415,-0.9581688712205633, -0.19133171759388484,0.75,0.5,9.01047263371044e-8, 8.898008689990507e-9,0.0,0.07291868636253605, -0.06215750467335276,0.75,0.5,2.9826192894035416e-10, 5.40168935744446e-7,0.0
39,1.56605365,2.8730908069639015e6,2.8732428914786335e6,14.80791985250213,-0.9581701106047577, -0.19133207092035068,0.75,0.5,1.828051231262877e-7, 3.3577988313874154e-8,0.0,0.0729186900923776, -0.062168642953127705,0.75,0.5,3.652947678010613e-10, 5.888335429601701e-7,0.0
40,1.49147966,2.872853449044025e6,2.8729896607169183e6,11.405220324321814,-0.9581731142452451, -0.19133251991322314,0.75,0.5,1.7498394690376882e-7, 8.530499739919734e-9,0.0,0.07291869349883781, -0.06217826246631679,0.75,0.5,3.3346697410542185e-10, 4.29320048128677e-7,0.0
41,1.42045682,2.87263103375364e6,2.872734767382616e6,10.312330370024094,-0.9581747410462516, -0.1913328533689802,0.75,0.5,1.9281659082252727e-7, 1.7294048666927377e-8,0.0,0.07291869714900413, -0.06218906918327145,0.75,0.5,4.473928934105312e-10, 4.7147880009738674e-7,0.0
42,1.35281602,2.8724144402140896e6,2.8725209860449764e6,10.59299628282451,-0.9581763246480308, -0.19133323387953477,0.75,0.5,1.6204381473921503e-7, 3.01347888598758e-8,0.0,0.07291870266736401, -0.06219710825697254,0.75,0.5,6.327090975705138e-10, 3.268419350900596e-7,0.0
43,1.28839621,2.8721882814356885e6,2.8722946557792416e6,10.394134978825413,-0.9581776742047625, -0.19133366665710616,0.75,0.5,1.542772621371693e-7, 1.4198019718479422e-8,0.0,0.07291870646161686, -0.0622060835749217,0.75,0.5,2.109030325235046e-10, 4.288012389360965e-7,0.0
44,1.22704401,2.871999032222912e6,2.8720909381414847e6,9.179968425921258,-0.9581793865454804, -0.19133407639635513,0.75,0.5,2.1848739856837867e-7, 2.8364693760733916e-8,0.0,0.07291871152457195, -0.062214409953101533,0.75,0.5,2.9826192894035416e-10, 3.400346236522412e-7,0.0
45,1.16861334,2.8718186877437634e6,2.8719181355942455e6,8.528694569856738,-0.9581817062333776, -0.19133435820337857,0.75,0.5,1.9856988122174537e-7, 6.452392069879463e-9,0.0,0.0729187138554419, -0.0622220230790936,0.75,0.5,4.946114537713997e-10, 4.7205634794290844e-7,0.0
46,1.11296509,2.871641967778569e6,2.8717258232161556e6,8.470067711881955,-0.9581815920997085, -0.19133452938552684,0.75,0.5,7.676406846712744e-8, 6.5481910417317895e-9,0.0,0.0729187138554419, -0.06223201930766651,0.75,0.5,4.946114537713997e-10, 3.972870445762389e-7,0.0
47,1.05996675,2.8714836854795925e6,2.8715640036784187e6,7.6836012606247195,-0.9581836864359534, -0.1913346487495781,0.75,0.5,7.80329820089772e-8, 4.023773408437682e-9,0.0,0.0729187138554419, -0.062239311649632034,0.75,0.5,4.946114537713997e-10, 3.366100439368255e-7,0.0
48,1.00949214,2.871351601690007e6,2.8714192628400293e6,5.9641593948821425,-0.9581832841555981, -0.1913347499189157,0.75,0.5,8.44286750057961e-8, 5.166048148881916e-9,0.0,0.07291871446847509, -0.062245840770594106,0.75,0.5,3.3346697410542185e-10, 2.9768615642597186e-7,0.0
49,0.96142109,2.8711884865832436e6,2.871266957979676e6,7.563663259769284,-0.9581850988938319, -0.19133512336171693,0.75,0.5,1.542034364302804e-7, 1.0562010392536403e-8,0.0,0.07291871985445476, -0.062252755063546716,0.75,0.5,4.715935173834053e-10, 3.4437586645392226e-7,0.0
50,0.91563913,2.8710285634061424e6,2.8711076006490598e6,7.1684931413933155,-0.9581865058030242, -0.19133527737838155,0.75,0.5,7.938923547324214e-8, 8.777215638744514e-9,0.0,0.0729187201471602, -0.06225962564016126,0.75,0.5,4.946114537713997e-10, 2.570461986379255e-7,0.0
51,0.87203727,2.870861129774153e6,2.870948338321742e6,7.385374687247222,-0.9581873149938536, -0.1913354335608441,0.75,0.5,8.126748201874842e-8, 5.418197008620385e-9,0.0,0.07291872063189273, -0.06226630968564214,0.75,0.5,5.965238578807083e-10, 3.226466252009254e-7,0.0
52,0.83051169,2.8707410488670347e6,2.8707937210016716e6,5.468591084634414,-0.9581872933846206, -0.19133556267312557,0.75,0.5,6.440247938528003e-8, 6.397005705593954e-9,0.0,0.07291872063189273, -0.06227269709595865,0.75,0.5,5.965238578807083e-10, 2.2037489882697858e-7,0.0
53,0.79096351,2.870634017305838e6,2.8706944157165657e6,5.091581707148371,-0.9581883759348621, -0.19133569564793523,0.75,0.5,1.405063797782813e-7, 8.726391727768647e-9,0.0,0.07291872119933365, -0.062276314777117,0.75,0.5,1.4913096447017708e-10, 1.7654646746575123e-7,0.0
54,0.75329858,2.8705204853620096e6,2.8705772258224376e6,5.1793843709833025,-0.9581891741699637, -0.19133583456578085,0.75,0.5,4.160299542260843e-8, 4.58198669446258e-9,0.0,0.07291872169352218, -0.062280637309560474,0.75,0.5,3.3346697410542185e-10, 1.8534819178297833e-7,0.0
55,0.71742722,2.870398245379077e6,2.870462227673809e6,5.703862318516358,-0.9581894315363104, -0.1913359500561634,0.75,0.5,8.265677038211065e-8, 5.595889808228692e-9,0.0,0.07291872214557546, -0.062284976180171224,0.75,0.5,3.652947678010613e-10, 2.3843627861070134e-7,0.0
56,0.68326402,2.8702643808029983e6,2.870329071589616e6,6.095675691160708,-0.9581902985520818, -0.19133612491422528,0.75,0.5,5.33547158568675e-8, 4.4440026521885685e-9,0.0,0.07291872386997865, -0.06229052031244024,0.75,0.5,0.0, 2.737069215656686e-7,0.0
57,0.65072764,2.8701711183250183e6,2.870216410868502e6,4.150269154383238,-0.9581905213201184, -0.19133621688152422,0.75,0.5,8.503342453755672e-8, 5.547992580772475e-9,0.0,0.07291872386997865, -0.06229530109748147,0.75,0.5,0.0, 1.63435120346341e-7,0.0
58,0.61974061,2.870063765790562e6,2.870124683193188e6,4.569102123489475,-0.9581910009622432, -0.19133628748135434,0.75,0.5,5.241269220829264e-8, 3.2944106828288648e-9,0.0,0.07291872386997865, -0.06229927745819436,0.75,0.5,0.0, 2.3601312085149188e-7,0.0
59,0.59022915,2.8699400056843385e6,2.8699950205499637e6,5.49469296444023,-0.9581919394576482, -0.19133642423885727,0.75,0.5,5.081318936732402e-8, 1.1103999597520532e-8,0.0,0.07291872510054553, -0.06230608902764253,0.75,0.5,5.376993391566218e-10, 2.822502960677553e-7,0.0
60,0.562123,2.8698281628743634e6,2.869879274285946e6,4.8219460160885745,-0.9581927523896304, -0.191336549307123,0.75,0.5,8.022746921797884e-8, 3.0707945055072334e-9,0.0,0.07291872594076856, -0.06231081294522578,0.75,0.5,5.376993391566218e-10, 2.0338549605866404e-7,0.0
61,0.53535524,2.869717735960984e6,2.8697689793334845e6,5.058414443848833,-0.9581929153857439, -0.19133661271404911,0.75,0.5,2.4157375050991135e-8, 2.8295611043004316e-9,0.0,0.07291872594076856, -0.06231611954270542,0.75,0.5,5.376993391566218e-10, 2.660137347449972e-7,0.0
62,0.50986213,2.8696572087710965e6,2.8696855647210856e6,2.813222194249703,-0.9581932303486068, -0.19133667589944278,0.75,0.5,1.9088763452182666e-8, 3.1281975014494045e-9,0.0,0.07291872594076856, -0.06232008422815335,0.75,0.5,5.376993391566218e-10, 1.1796806027612268e-7,0.0
63,0.48558298,2.869596775922193e6,2.869629074375123e6,2.6979244531973077,-0.9581934703612767, -0.19133673842770837,0.75,0.5,4.7422708761646924e-8, 5.965238578807083e-9,0.0,0.07291872716556755, -0.062322403785233446,0.75,0.5,4.946114537713997e-10, 1.1850381284654358e-7,0.0
64,0.46245998,2.869506253431698e6,2.8695540258506676e6,4.239908678101897,-0.9581945265623656, -0.191337094030985,0.75,0.5,1.293232906787541e-7, 1.0620805337996742e-8,0.0,0.07291873234494604, -0.062325316100450424,0.75,0.5,2.583024074440957e-10, 1.6486901948487782e-7,0.0
65,0.44043808,2.869440641009794e6,2.869472384279641e6,3.0971991393848324,-0.958195217088526, -0.19133716912776233,0.75,0.5,6.964783270067119e-8, 2.634178031930877e-9,0.0,0.07291873234494604, -0.062328619356092,0.75,0.5,2.583024074440957e-10, 1.0046242592824959e-7,0.0
66,0.41946484,2.86938183731692e6,2.869413659133163e6,2.758159214895866,-0.9581957276346014, -0.19133723407462905,0.75,0.5,4.308207468445465e-8, 3.4007092162045717e-9,0.0,0.07291873234494604, -0.06233104722778156,0.75,0.5,2.583024074440957e-10, 1.4066722393300834e-7,0.0
67,0.39949032,2.8693100948496857e6,2.8693475574357305e6,3.3594669553665866,-0.9581960316734623, -0.19133730052182912,0.75,0.5,4.660527558420262e-8, 3.239953862961024e-9,0.0,0.07291873234494604, -0.062334152975949,0.75,0.5,2.583024074440957e-10, 1.4272795528283894e-7,0.0
68,0.38046697,2.869247784647746e6,2.869278553250979e6,2.753582497639662,-0.9581966560413024, -0.19133736538500645,0.75,0.5,2.5364542360187723e-8, 3.156507558138383e-9,0.0,0.07291873234494604, -0.06233705919693398,0.75,0.5,2.583024074440957e-10, 1.2858025574713055e-7,0.0
69,0.3623495,2.8691892629277133e6,2.8692162206505938e6,2.6642476843698804,-0.9581969023888577, -0.19133741987290082,0.75,0.5,2.3134053522532727e-8, 2.3103269671873834e-9,0.0,0.07291873234494604, -0.062340367688360675,0.75,0.5,2.583024074440957e-10, 1.4138075559381126e-7,0.0
70,0.34509476,2.8691291064553647e6,2.8691616091925357e6,2.983205089933228,-0.9581970630456527, -0.19133746717826078,0.75,0.5,2.3621139642632513e-8, 1.9784458150855987e-9,0.0,0.07291873234494604, -0.062342958687485885,0.75,0.5,2.583024074440957e-10, 1.2644863636553034e-7,0.0
71,0.32866168,2.869077503075689e6,2.869104127661039e6,2.2119289759049625,-0.9581973822102958, -0.19133750604373878,0.75,0.5,3.060347621873968e-8, 1.4611790712042452e-9,0.0,0.07291873234494604, -0.06234520796336385,0.75,0.5,2.583024074440957e-10, 8.071285507062741e-8,0.0
72,0.31301112,2.869025726178123e6,2.8690533378245695e6,2.3766826608612797,-0.9581975245137804, -0.19133753423563266,0.75,0.5,2.3860954315228333e-9, 1.5208433958286902e-9,0.0,0.07291873234494604, -0.0623471599516763,0.75,0.5,2.583024074440957e-10, 9.284860792806044e-8,0.0
73,0.29810583,2.8689620056787054e6,2.868991436754722e6,3.1413625241538914,-0.9581978312301651, -0.19133762000176413,0.75,0.5,3.4577807850558836e-8, 7.158286294568499e-9,0.0,0.07291873362336801, -0.0623498004656318,0.75,0.5,0.0, 1.4639720483997685e-7,0.0
74,0.28391031,2.8689244226193554e6,2.86894510207035e6,1.6879815246214769,-0.9581980825604672, -0.19133768446978786,0.75,0.5,1.381052577490059e-8, 1.7895715736421249e-9,0.0,0.0729187339808027, -0.06235165069069777,0.75,0.5,2.583024074440957e-10, 5.80603254786944e-8,0.0
75,0.27039077,2.8688663177793627e6,2.8688977693913816e6,2.7981769865353883,-0.9581981707416711, -0.19133772511880864,0.75,0.5,2.673065939601816e-8, 1.5782537790691915e-9,0.0,0.0729187339808027, -0.062353740028508076,0.75,0.5,2.583024074440957e-10, 1.425094045117996e-7,0.0
76,0.25751502,2.868828282313951e6,2.8688474165933058e6,1.6692575750540708,-0.9581985646244113, -0.19133775625335675,0.75,0.5,1.1567026761266363e-8, 1.4611790712042452e-9,0.0,0.0729187339808027, -0.06235645065624491,0.75,0.5,2.583024074440957e-10, 8.831159984528726e-8,0.0
77,0.2452524,2.8687810673011276e6,2.8688043779772725e6,2.13278229798039,-0.9581989054846003, -0.19133781429675317,0.75,0.5,2.2319878992262412e-8, 6.4247585721505894e-9,0.0,0.07291873460810168, -0.06235835637319853,0.75,0.5,4.473928934105312e-10, 7.273770110102379e-8,0.0
78,0.23357372,2.8687416331316303e6,2.868759836786635e6,1.8574592038026185,-0.9581991130735327, -0.19133791017388949,0.75,0.5,2.5919630903688193e-8, 1.3338678964216874e-9,0.0,0.0729187356143939, -0.06236005328479227,0.75,0.5,4.715935173834053e-10, 8.772951420078882e-8,0.0
79,0.22245116,2.8687080629784665e6,2.868726405072559e6,1.562942329846207,-0.9581994536753488, -0.19133794987096472,0.75,0.5,1.9748453647586898e-8, 2.3860954315228333e-9,0.0,0.07291873589755717, -0.062361768109172676,0.75,0.5,3.945634447672979e-10, 8.664162511056352e-8,0.0
80,0.21185825,2.8686753460596334e6,2.8686916242862074e6,1.5329896332042694,-0.9581997666102025, -0.19133798168395524,0.75,0.5,1.2166747166629522e-8, 8.436121300940184e-10,0.0,0.07291873599938813, -0.06236345645167028,0.75,0.5,4.473928934105312e-10, 7.716695258912329e-8,0.0
81,0.20176976,2.868640708746559e6,2.8686578243943523e6,1.6985939612577945,-0.9581998117525888, -0.19133800522115443,0.75,0.5,2.2319878992262412e-8, 1.1159939496131206e-9,0.0,0.07291873599938813, -0.06236515211447228,0.75,0.5,4.473928934105312e-10, 6.973495295927661e-8,0.0
82,0.19216167,2.868610170301836e6,2.86862565075841e6,1.4029303634098311,-0.9581998980765318, -0.19133803011007355,0.75,0.5,5.33547158568675e-9, 1.0332096297763829e-9,0.0,0.07291873599938813, -0.06236642488702606,0.75,0.5,4.473928934105312e-10, 5.7794069357347835e-8,0.0
83,0.18301112,2.868569871931368e6,2.86859023718434e6,1.8809131524143254,-0.9581999534729603, -0.1913380575114445,0.75,0.5,1.2283178022028933e-8, 1.2654181951410276e-9,0.0,0.07291873599938813, -0.062367941859361654,0.75,0.5,4.473928934105312e-10, 9.752412551626034e-8,0.0
84,0.1742963,2.868539108163291e6,2.8685543223839886e6,1.3459836419508362,-0.958200139742682, -0.1913380843654754,0.75,0.5,2.0456506996859434e-8, 1.1159939496131206e-9,0.0,0.07291873599938813, -0.06236988039146128,0.75,0.5,4.473928934105312e-10, 6.84900089021755e-8,0.0
85,0.16599648,2.868514583280445e6,2.8685254450735254e6,1.139299703487827,-0.9582001675871649, -0.19133810734062034,0.75,0.5,1.6531354076422126e-8, 1.0332096297763829e-9,0.0,0.07291873599938813, -0.06237123042712761,0.75,0.5,4.473928934105312e-10, 4.766128567031176e-8,0.0
86,0.15809189,2.868486457363692e6,2.8685014449525247e6,1.3522665079875003,-0.9582002730639989, -0.19133812882693285,0.75,0.5,5.595889808228692e-9, 1.0332096297763829e-9,0.0,0.07291873599938813, -0.062372380503370906,0.75,0.5,4.473928934105312e-10, 7.194429213944493e-8,0.0
87,0.1505637,2.8684619925614987e6,2.8684736758006006e6,1.0622019295699054,-0.9582005608515658, -0.191338148445268,0.75,0.5,1.832794677785032e-8, 7.305895356021226e-10,0.0,0.07291873599938813, -0.06237373428898004,0.75,0.5,4.473928934105312e-10, 4.5828845593927776e-8,0.0
88,0.143394,2.8684410269235605e6,2.8684521032853e6,0.9347792511377769,-0.9582006637198411, -0.19133816358025552,0.75,0.5,6.313015116276766e-9, 7.305895356021226e-10,0.0,0.07291873599938813, -0.06237471648036506,0.75,0.5,4.473928934105312e-10, 3.6903812389903245e-8,0.0
89,0.13656571,2.8684174655378987e6,2.8684295032884525e6,1.0934236753231348,-0.9582007470482757, -0.19133819564979018,0.75,0.5,2.4797031114633194e-8, 3.2123792860752947e-9,0.0,0.07291873635504231, -0.06237559153893814,0.75,0.5,2.583024074440957e-10, 4.486091430832339e-8,0.0
90,0.13006259,2.868394167542985e6,2.868405137252416e6,1.1252557336892206,-0.9582010515880549, -0.19133822809424045,0.75,0.5,9.085980707708165e-9, 0.0,0.0,0.07291873656571644, -0.06237673840858067,0.75,0.5,2.109030325235046e-10, 5.2203932617759406e-8,0.0
91,0.12386913,2.86837220929516e6,2.868382358376728e6,1.0280573359461986,-0.9582011077999532, -0.19133824439943953,0.75,0.5,3.772748139067242e-9, 5.965238578807083e-10,0.0,0.07291873656571644, -0.06237768213369991,0.75,0.5,2.109030325235046e-10, 4.4600007912656475e-8,0.0
92,0.1179706,2.8683562253246917e6,2.868363540586121e6,0.7177937046955273,-0.9582011453606902, -0.19133826190765083,0.75,0.5,5.844716284816981e-9, 4.218060650470092e-10,0.0,0.07291873656571644, -0.06237847476446447,0.75,0.5,2.109030325235046e-10, 2.9734335902950864e-8,0.0
93,0.11235295,2.868334546516321e6,2.868345930562757e6,1.0018842176569942,-0.9582012184783091, -0.1913382816563079,0.75,0.5,1.8014625454753307e-8, 8.436121300940184e-10,0.0,0.07291873656571644, -0.06237921918141266,0.75,0.5,2.109030325235046e-10, 3.977577516755614e-8,0.0
94,0.10700281,2.8683119187253574e6,2.868322727109575e6,1.048548174381477,-0.9582013499348022, -0.19133829549457954,0.75,0.5,5.33547158568675e-9, 7.305895356021226e-10,0.0,0.07291873656571644, -0.06238012567935354,0.75,0.5,2.109030325235046e-10, 4.226672520644085e-8,0.0
95,0.10190744,2.8682931422912274e6,2.8683022492252146e6,0.9560993013938844,-0.9582014958202046, -0.19133830896182344,0.75,0.5,6.95660383885989e-9, 5.965238578807083e-10,0.0,0.07291873656571644, -0.06238100743167587,0.75,0.5,2.109030325235046e-10, 4.6151154567092095e-8,0.0
96,0.0970547,2.868274094889738e6,2.8682840408637235e6,0.8552246470160588,-0.958201520412536, -0.1913383204952651,0.75,0.5,2.3860954315228333e-9, 8.436121300940184e-10,0.0,0.07291873656571644, -0.062381780573664836,0.75,0.5,2.109030325235046e-10, 2.8751544939609038e-8,0.0
97,0.09243305,2.868254982589105e6,2.868264260333176e6,0.8883985367846184,-0.9582016025417571, -0.19133833264487882,0.75,0.5,2.9223581424084904e-9, 5.965238578807083e-10,0.0,0.07291873656571644, -0.062382556735885664,0.75,0.5,2.109030325235046e-10, 4.170137509190002e-8,0.0
98,0.08803148,2.8682421463273806e6,2.868249085189909e6,0.6054915743592528,-0.9582016094366652, -0.19133834144726178,0.75,0.5,0.0, 5.965238578807083e-10,0.0,0.07291873656571644, -0.06238322291767604,0.75,0.5,2.109030325235046e-10, 2.342424512030047e-8,0.0
99,0.0838395,2.868230381379555e6,2.868235728079465e6,0.5158065217448784,-0.9582016947563954, -0.19133834976427183,0.75,0.5,4.1328385191055315e-9, 4.218060650470092e-10,0.0,0.07291873656571644, -0.062383702634381644,0.75,0.5,2.109030325235046e-10, 1.855257528462643e-8,0.0
100,0.07984714,2.868218220179925e6,2.8682238512483e6,0.5955261616393218,-0.9582017088109698, -0.19133835891578432,0.75,0.5,4.7721908630456665e-9, 0.0,0.0,0.07291873656571644, -0.06238419492197846,0.75,0.5,2.109030325235046e-10, 2.4070911096145395e-8,0.0
101,0.0760449,2.868202966048932e6,2.8682119350728416e6,0.6870953508727375,-0.9582018142492643, -0.1913383685047198,0.75,0.5,4.1328385191055315e-9, 7.305895356021226e-10,0.0,0.07291873656571644, -0.06238476802722642,0.75,0.5,2.109030325235046e-10, 3.728154805073914e-8,0.0
102,0.07242371,2.8681866167169455e6,2.868194555129087e6,0.7055977553915878,-0.9582018588346299, -0.19133837829763695,0.75,0.5,5.06167278056411e-9, 1.0332096297763829e-9,0.0,0.07291873656571644, -0.06238571786147766,0.75,0.5,2.109030325235046e-10, 3.6310557168350704e-8,0.0
103,0.06897497,2.8681774929231293e6,2.8681816123604123e6,0.3669314576848034,-0.9582018796822538, -0.1913383872782511,0.75,0.5,6.534591461025396e-9, 7.305895356021226e-10,0.0,0.07291873656571644, -0.06238637592072586,0.75,0.5,2.109030325235046e-10, 1.5087676299975033e-8,0.0
104,0.06569044,2.8681646560768792e6,2.868170530946502e6,0.6130321639116925,-0.9582018826098271, -0.19133839557160706,0.75,0.5,5.06167278056411e-9, 9.431870347668106e-10,0.0,0.07291873656571644, -0.06238687018120115,0.75,0.5,2.109030325235046e-10, 2.8784980463240323e-8,0.0
105,0.06256233,2.8681553237380814e6,2.8681600913007073e6,0.43163718449402827,-0.9582019012481735, -0.19133840359133997,0.75,0.5,1.6872242601880368e-9, 5.965238578807083e-10,0.0,0.07291873656571644, -0.06238732370997704,0.75,0.5,2.109030325235046e-10, 1.850005529160382e-8,0.0
106,0.05958317,2.8681442257506386e6,2.868149621954122e6,0.5192133845284111,-0.9582019139961545, -0.191338411674469,0.75,0.5,1.6872242601880368e-9, 5.965238578807083e-10,0.0,0.07291873656571644, -0.06238780247961125,0.75,0.5,2.109030325235046e-10, 2.429736576146084e-8,0.0
107,0.05674588,2.868135167452169e6,2.8681398607717236e6,0.40312405800866036,-0.9582019273055995, -0.19133842026251024,0.75,0.5,3.3744485203760736e-9, 5.965238578807083e-10,0.0,0.07291873656571644, -0.06238827106895547,0.75,0.5,2.109030325235046e-10, 1.7829727900196114e-8,0.0
108,0.05404369,2.8681253880485385e6,2.8681310870161527e6,0.42350918987135144,-0.9582020697798622, -0.1913384289082879,0.75,0.5,1.06709431713735e-8, 4.218060650470092e-10,0.0,0.07291873656571644, -0.0623886495124248,0.75,0.5,2.109030325235046e-10, 2.0186185783798764e-8,0.0
109,0.05147018,2.8681167989978655e6,2.8681208620546763e6,0.38125166096581486,-0.9582021821528274, -0.19133843673298054,0.75,0.5,5.33547158568675e-9, 9.431870347668106e-10,0.0,0.07291873656571644, -0.0623891438573095,0.75,0.5,2.109030325235046e-10, 1.5796271078441668e-8,0.0
110,0.04901922,2.8681082007927666e6,2.8681124161956254e6,0.41790808919044314,-0.9582022178831929, -0.19133844406089967,0.75,0.5,3.3744485203760736e-9, 4.218060650470092e-10,0.0,0.07291873656571644, -0.062389513757394,0.75,0.5,2.109030325235046e-10, 1.945630485268281e-8,0.0
111,0.04668497,2.868100661258142e6,2.8681041482382026e6,0.33302380203678317,-0.958202221039244, -0.19133845003058786,0.75,0.5,0.0, 5.965238578807083e-10,0.0,0.07291873656571644, -0.062389824394191974,0.75,0.5,2.109030325235046e-10, 9.743286417867565e-9,0.0
112,0.04446188,2.8680945063117202e6,2.86809769716236e6,0.29120032042531896,-0.9582022540687047, -0.1913384565052418,0.75,0.5,3.772748139067242e-9, 7.305895356021226e-10,0.0,0.07291873656571644, -0.0623900543130229,0.75,0.5,2.109030325235046e-10, 1.2614134882414428e-8,0.0
113,0.04234465,2.868086555069614e6,2.868090529193418e6,0.3888682019543457,-0.9582022599102119, -0.19133846328462847,0.75,0.5,5.33547158568675e-9, 7.305895356021226e-10,0.0,0.07291873656571644, -0.062390357784607595,0.75,0.5,2.109030325235046e-10, 1.7146170099731927e-8,0.0
114,0.04032823,2.868079046397501e6,2.868082822981352e6,0.35951039202642626,-0.9582023391493621, -0.19133846865357984,0.75,0.5,3.3744485203760736e-9, 4.218060650470092e-10,0.0,0.07291873656571644, -0.06239068799976807,0.75,0.5,2.109030325235046e-10, 1.3397323600338616e-8,0.0
115,0.03840784,2.8680704240841432e6,2.868075230849499e6,0.4137496963005667,-0.9582023488682795, -0.19133847388247763,0.75,0.5,3.772748139067242e-9, 4.218060650470092e-10,0.0,0.07291873656571644, -0.06239101669830064,0.75,0.5,2.109030325235046e-10, 2.1203360602916755e-8,0.0
116,0.0365789,2.868064946297974e6,2.8680675055418913e6,0.25877275685553225,-0.9582024050403246, -0.1913384787584601,0.75,0.5,1.6872242601880368e-9, 4.218060650470092e-10,0.0,0.07291873656571644, -0.062391413762484985,0.75,0.5,2.109030325235046e-10, 1.1329046613802943e-8,0.0
117,0.03483704,2.868059381180503e6,2.868062199666017e6,0.26260952669166066,-0.9582024050403246, -0.1913384843413571,0.75,0.5,1.6872242601880368e-9, 4.218060650470092e-10,0.0,0.07291873656571644, -0.06239164191637024,0.75,0.5,2.109030325235046e-10, 1.1147477248250461e-8,0.0
118,0.03317814,2.8680537540702787e6,2.8680565605280227e6,0.26689966510925267,-0.9582024050403246, -0.19133848930041267,0.75,0.5,1.6872242601880368e-9, 4.218060650470092e-10,0.0,0.07291873656571644, -0.06239188637316985,0.75,0.5,2.109030325235046e-10, 1.2127841305142718e-8,0.0
119,0.03159823,2.868048759567538e6,2.8680513534235037e6,0.2385944574149477,-0.958202431248931, -0.1913384938750861,0.75,0.5,3.3744485203760736e-9, 4.218060650470092e-10,0.0,0.07291873656571644, -0.06239210861778062,0.75,0.5,2.109030325235046e-10, 1.0391121997035465e-8,0.0
120,0.03009355,2.8680442200122275e6,2.8680464557155184e6,0.21211455200999615,-0.9582024734100285, -0.19133849801333042,0.75,0.5,6.748897040752147e-9, 7.305895356021226e-10,0.0,0.07291873656571644, -0.06239232386465711,0.75,0.5,2.109030325235046e-10, 1.002011383085535e-8,0.0
121,0.02866052,2.868039316462287e6,2.8680419521918027e6,0.2332046386230612,-0.9582025096886497, -0.1913385013530136,0.75,0.5,0.0, 5.965238578807083e-10,0.0,0.07291873656571644, -0.06239255569592507,0.75,0.5,2.109030325235046e-10, 1.2451319233490329e-8,0.0
122,0.02729574,2.8680345222797864e6,2.868036922164567e6,0.22484012826974636,-0.9582025114057624, -0.1913385043202547,0.75,0.5,3.3744485203760736e-9, 4.218060650470092e-10,0.0,0.07291873656571644, -0.06239279477622717,0.75,0.5,2.109030325235046e-10, 1.0362724312473698e-8,0.0
123,0.02599594,2.868030006566527e6,2.8680321840401934e6,0.21402409887025337,-0.9582025033676308, -0.1913385078846341,0.75,0.5,4.7721908630456665e-9, 4.218060650470092e-10,0.0,0.07291873656571644, -0.06239298967353536,0.75,0.5,2.109030325235046e-10, 7.998342840100424e-9,0.0
124,0.02475804,2.8680252439796217e6,2.8680272565327943e6,0.22096131645461817,-0.9582025016742511, -0.1913385102967279,0.75,0.5,5.06167278056411e-9, 4.218060650470092e-10,0.0,0.07291873656571644, -0.06239321470099694,0.75,0.5,2.109030325235046e-10, 1.0233687988743783e-8,0.0
125,0.02357908,2.8680201229932136e6,2.8680225319788167e6,0.24504411857177893,-0.9582025109522757, -0.19133851303159938,0.75,0.5,6.95660383885989e-9, 5.965238578807083e-10,0.0,0.07291873656571644, -0.06239341954267798,0.75,0.5,2.109030325235046e-10, 1.1844416452847448e-8,0.0
126,0.02245627,2.868016436786081e6,2.8680181877966262e6,0.1720450272971388,-0.9582025458240396, -0.1913385155261925,0.75,0.5,3.772748139067242e-9, 4.218060650470092e-10,0.0,0.07291873656571644, -0.06239360538778425,0.75,0.5,2.109030325235046e-10, 7.432648969007763e-9,0.0
127,0.02138692,2.8680129635088984e6,2.868014722691365e6,0.16157730690671296,-0.9582025907957087, -0.1913385174541839,0.75,0.5,2.9223581424084904e-9, 0.0,0.0,0.07291873656571644, -0.062393762464182656,0.75,0.5,2.109030325235046e-10, 7.404168410414492e-9,0.0
128,0.0203685,2.8680095988387982e6,2.8680111688000085e6,0.14776716334290002,-0.9582026242720388, -0.19133852021087489,0.75,0.5,4.7721908630456665e-9, 4.218060650470092e-10,0.0,0.07291873656571644, -0.062393906952419954,0.75,0.5,2.109030325235046e-10, 6.118005802619362e-9,0.0
129,0.01939857,2.868006253899474e6,2.868008095561953e6,0.16020753651861652,-0.9582026397928869, -0.19133852282713285,0.75,0.5,3.772748139067242e-9, 0.0,0.0,0.07291873656571644, -0.06239405454599789,0.75,0.5,2.109030325235046e-10, 8.057213543263418e-9,0.0
130,0.01847483,2.8680030444866326e6,2.8680046682428354e6,0.14936469261750077,-0.9582026392340606, -0.19133852499368864,0.75,0.5,5.06167278056411e-9, 4.218060650470092e-10,0.0,0.07291873656571644, -0.06239420609215336,0.75,0.5,2.109030325235046e-10, 6.0005526536145526e-9,0.0
131,0.01759507,2.8680001962042185e6,2.868001615762932e6,0.12968084774425143,-0.9582026324821783, -0.19133852659828232,0.75,0.5,5.06167278056411e-9, 5.965238578807083e-10,0.0,0.07291873656571644, -0.062394354529504883,0.75,0.5,2.109030325235046e-10, 6.4515303146743e-9,0.0
132,0.01675721,2.8679975379912034e6,2.8679987958436883e6,0.1203230799495785,-0.9582026305209055, -0.1913385286027659,0.75,0.5,4.1328385191055315e-9, 4.218060650470092e-10,0.0,0.07291873656571644, -0.06239447149653786,0.75,0.5,2.109030325235046e-10, 4.6013609318051295e-9,0.0
133,0.01595925,2.867995153751348e6,2.867996315718098e6,0.10561678701967904,-0.9582026305209055, -0.1913385308370846,0.75,0.5,4.1328385191055315e-9, 4.218060650470092e-10,0.0,0.07291873656571644, -0.062394577145928234,0.75,0.5,2.109030325235046e-10, 4.363195863884324e-9,0.0
134,0.01519929,2.86799200334635e6,2.8679938044347367e6,0.15449745586728564,-0.9582026413386323, -0.19133853262441958,0.75,0.5,3.772748139067242e-9, 7.305895356021226e-10,0.0,0.07291873656571644, -0.06239469024840656,0.75,0.5,2.109030325235046e-10, 8.181162149399791e-9,0.0
135,0.01447551,2.867990205419235e6,2.867991193123218e6,0.08110280364748768,-0.9582026507126494, -0.1913385350499062,0.75,0.5,4.7721908630456665e-9, 4.218060650470092e-10,0.0,0.07291873656571644, -0.06239482604731957,0.75,0.5,2.109030325235046e-10, 3.167058587755546e-9,0.0
136,0.0137862,2.8679870196485417e6,2.8679885564711126e6,0.15004414127657953,-0.9582026543646632, -0.19133853757003227,0.75,0.5,5.844716284816981e-9, 5.965238578807083e-10,0.0,0.07291873656571644, -0.06239494810913312,0.75,0.5,2.109030325235046e-10, 8.493921624608042e-9,0.0
137,0.01312972,2.8679847081120103e6,2.867985868943844e6,0.11017334008478455,-0.9582026692630043, -0.19133853932343073,0.75,0.5,5.595889808228692e-9, 4.218060650470092e-10,0.0,0.07291873656571644, -0.06239508885899923,0.75,0.5,2.109030325235046e-10, 4.4900557231608425e-9,0.0
138,0.01250449,2.8679829461821946e6,2.8679838851957787e6,0.07833832656893228,-0.9582026754047485, -0.19133854074650342,0.75,0.5,4.7721908630456665e-9, 4.218060650470092e-10,0.0,0.07291873656571644, -0.062395178954796474,0.75,0.5,2.109030325235046e-10, 3.6696521610888486e-9,0.0
139,0.01190904,2.867980803882964e6,2.867981761907002e6,0.09225116585272346,-0.9582026846308918, -0.19133854226770156,0.75,0.5,3.3744485203760736e-9, 7.305895356021226e-10,0.0,0.07291873656571644, -0.06239527207702457,0.75,0.5,2.109030325235046e-10, 3.955486234413789e-9,0.0
140,0.01134194,2.867979169036548e6,2.8679799445670983e6,0.07365377215153938,-0.9582026949539921, -0.19133854425435468,0.75,0.5,1.6872242601880368e-9, 4.218060650470092e-10,0.0,0.07291873656571644, -0.062395337670746155,0.75,0.5,2.109030325235046e-10, 2.281265093743036e-9,0.0
141,0.01080185,2.867977472852792e6,2.8679783461269606e6,0.07456876092543478,-0.9582027347571966, -0.19133854616124912,0.75,0.5,5.06167278056411e-9, 7.305895356021226e-10,0.0,0.07291873656571644, -0.06239539728884985,0.75,0.5,2.109030325235046e-10, 2.9204549457609e-9,0.0
142,0.01028748,2.8679751731055547e6,2.8679764121055226e6,0.10940126792310442,-0.9582027552918786, -0.19133854762547392,0.75,0.5,0.0, 4.218060650470092e-10,0.0,0.07291873656571644, -0.06239549345526528,0.75,0.5,2.109030325235046e-10, 6.597254520735638e-9,0.0
143,0.0097976,2.867973555924747e6,2.8679743138657166e6,0.07083792974628467,-0.958202767099394, -0.19133854885873952,0.75,0.5,3.772748139067242e-9, 0.0,0.0,0.07291873656571644, -0.06239560965779071,0.75,0.5,2.109030325235046e-10, 3.511709656368247e-9,0.0
144,0.00933104,2.8679718021043614e6,2.867972707260698e6,0.07855443270797408,-0.958202767099394, -0.19133855024387522,0.75,0.5,3.772748139067242e-9, 4.218060650470092e-10,0.0,0.07291873656571644, -0.06239568149509509,0.75,0.5,2.109030325235046e-10, 3.5542010793202687e-9,0.0
145,0.00888671,2.867970567975223e6,2.867971161807458e6,0.05524032911365454,-0.958202767099394, -0.19133855146566262,0.75,0.5,3.772748139067242e-9, 5.965238578807083e-10,0.0,0.07291873656571644, -0.06239574967526914,0.75,0.5,2.109030325235046e-10, 2.153380897926186e-9,0.0
146,0.00846353,2.8679691971187764e6,2.8679698780272636e6,0.06189765904262098,-0.958202767099394, -0.1913385526229809,0.75,0.5,3.772748139067242e-9, 4.218060650470092e-10,0.0,0.07291873656571644, -0.06239580178932781,0.75,0.5,2.109030325235046e-10, 2.6087264395724587e-9,0.0
147,0.00806051,2.867967819644989e6,2.8679685080247424e6,0.06405126152203486,-0.958202767099394, -0.19133855345491707,0.75,0.5,3.772748139067242e-9, 4.218060650470092e-10,0.0,0.07291873656571644, -0.06239586049935074,0.75,0.5,2.109030325235046e-10, 2.8666524844016283e-9,0.0
148,0.00767667,2.8679666441425476e6,2.8679671864481647e6,0.05076235930560821,-0.958202767099394, -0.19133855438175015,0.75,0.5,3.772748139067242e-9, 4.218060650470092e-10,0.0,0.07291873656571644, -0.06239592474117649,0.75,0.5,2.109030325235046e-10, 2.653106500773075e-9,0.0
149,0.00731112,2.8679654430113276e6,2.8679660728556383e6,0.05368395028619032,-0.9582027827576644, -0.1913385552664641,0.75,0.5,3.3744485203760736e-9, 4.218060650470092e-10,0.0,0.07291873656571644, -0.06239597882594007,0.75,0.5,2.109030325235046e-10, 1.8922598063618645e-9,0.0
150,0.00696297,2.8679643867222737e6,2.867964914720275e6,0.0458491034149902,-0.9582028197765021, -0.1913385562701841,0.75,0.5,4.4639757984524824e-9, 7.305895356021226e-10,0.0,0.07291873656571644, -0.06239602318993849,0.75,0.5,2.109030325235046e-10, 2.278826541369158e-9,0.0
151,0.0066314,2.867963492858969e6,2.867963942884155e6,0.03818292816679397,-0.9582028263956943, -0.19133855707988162,0.75,0.5,2.3860954315228333e-9, 5.965238578807083e-10,0.0,0.07291873656571644, -0.06239606524180454,0.75,0.5,2.109030325235046e-10, 1.5462227493505134e-9,0.0
152,0.00631562,2.8679623147741184e6,2.8679628831759878e6,0.05764319446554305,-0.9582028272054497, -0.19133855789238144,0.75,0.5,1.6872242601880368e-9, 0.0,0.0,0.07291873656571644, -0.062396102127879306,0.75,0.5,2.109030325235046e-10, 1.6061896430376474e-9,0.0
153,0.00601487,2.867961489654061e6,2.8679619070109325e6,0.03636363636363636,-0.9582028272054497, -0.1913385585201784,0.75,0.5,1.6872242601880368e-9, 7.305895356021226e-10,0.0,0.07291873656571644, -0.06239613624953967,0.75,0.5,2.109030325235046e-10, 1.5390142124247118e-9,0.0
154,0.00572845,2.8679605720188585e6,2.8679610232259673e6,0.04239092931158715,-0.9582028272054497, -0.19133855930050683,0.75,0.5,1.6872242601880368e-9, 4.218060650470092e-10,0.0,0.07291873656571644, -0.06239617244862936,0.75,0.5,2.109030325235046e-10, 1.6639968594302542e-9,0.0
155,0.00545567,2.86795970858152e6,2.8679601445851433e6,0.039919393246820783,-0.9582028320977576, -0.19133856009260364,0.75,0.5,5.595889808228692e-9, 5.965238578807083e-10,0.0,0.07291873656571644, -0.06239621302569796,0.75,0.5,2.109030325235046e-10, 2.0420598315704365e-9,0.0
156,0.00519587,2.867958787913742e6,2.8679592182039376e6,0.04318335170875305,-0.958202833119391, -0.19133856085059645,0.75,0.5,5.844716284816981e-9, 4.218060650470092e-10,0.0,0.07291873656571644, -0.06239626181072859,0.75,0.5,2.109030325235046e-10, 2.2119696661656888e-9,0.0
157,0.00494845,2.8679579211378237e6,2.867958349480543e6,0.03818292816679397,-0.958202833119391, -0.19133856160122714,0.75,0.5,5.844716284816981e-9, 4.218060650470092e-10,0.0,0.07291873656571644, -0.06239630160247831,0.75,0.5,2.109030325235046e-10, 1.7068819050709056e-9,0.0
158,0.00471281,2.8679570566147245e6,2.867957521496202e6,0.041583409083408414,-0.958202833119391, -0.19133856228040075,0.75,0.5,5.844716284816981e-9, 4.218060650470092e-10,0.0,0.07291873656571644, -0.062396335676736546,0.75,0.5,2.109030325235046e-10, 1.8715787503600596e-9,0.0
159,0.00448839,2.8679561166502098e6,2.8679565867101946e6,0.0458491034149902,-0.958202839133054, -0.19133856286226655,0.75,0.5,2.3860954315228333e-9, 4.218060650470092e-10,0.0,0.07291873656571644, -0.062396383113110646,0.75,0.5,2.109030325235046e-10, 2.3295001338416946e-9,0.0
160,0.00427466,2.867955379549851e6,2.867955744956022e6,0.03344968040028363,-0.9582028592241013, -0.19133856354413428,0.75,0.5,6.313015116276766e-9, 7.305895356021226e-10,0.0,0.07291873656571644, -0.06239641827440762,0.75,0.5,2.109030325235046e-10, 1.3043632197862293e-9,0.0
161,0.0040711,2.867954758744885e6,2.8679550794553463e6,0.027311549679956755,-0.9582028592487533, -0.19133856423265533,0.75,0.5,6.534591461025396e-9, 5.965238578807083e-10,0.0,0.07291873656571644, -0.06239644925311975,0.75,0.5,2.109030325235046e-10, 1.5353972527536167e-9,0.0
162,0.00387724,2.86795413505583e6,2.8679544525055583e6,0.028525983292826768,-0.9582028592487533, -0.19133856473509017,0.75,0.5,6.534591461025396e-9, 7.305895356021226e-10,0.0,0.07291873656571644, -0.062396478582923666,0.75,0.5,2.109030325235046e-10, 1.2521673776888885e-9,0.0
163,0.00369261,2.867953567724433e6,2.867953847844966e6,0.027925369010483796,-0.9582028592487533, -0.19133856517307596,0.75,0.5,6.534591461025396e-9, 5.965238578807083e-10,0.0,0.07291873656571644, -0.06239650687039318,0.75,0.5,2.109030325235046e-10, 1.2069477697602502e-9,0.0
164,0.00351677,2.8679529216415896e6,2.867953265616242e6,0.028525983292826768,-0.9582028592487533, -0.19133856569755595,0.75,0.5,6.534591461025396e-9, 4.218060650470092e-10,0.0,0.07291873656571644, -0.06239653201095211,0.75,0.5,2.109030325235046e-10, 1.3296930257854685e-9,0.0
165,0.00334931,2.867952299333605e6,2.8679526228931625e6,0.027311549679956755,-0.9582028630075887, -0.19133856622432305,0.75,0.5,4.4639757984524824e-9, 4.218060650470092e-10,0.0,0.07291873656571644, -0.062396561599737756,0.75,0.5,2.109030325235046e-10, 1.0059433521094206e-9,0.0
166,0.00318982,2.8679516294437754e6,2.8679519625312146e6,0.028525983292826768,-0.9582028725426002, -0.19133856664901364,0.75,0.5,3.3744485203760736e-9, 5.965238578807083e-10,0.0,0.07291873656571644, -0.062396593816443094,0.75,0.5,2.109030325235046e-10, 1.7895715736421249e-9,0.0
167,0.00303792,2.8679511034906073e6,2.867951329574786e6,0.026683614025648828,-0.9582028728827174, -0.19133856714425557,0.75,0.5,3.3744485203760736e-9, 4.218060650470092e-10,0.0,0.07291873656571644, -0.062396624559345734,0.75,0.5,2.109030325235046e-10, 9.372735781351708e-10,0.0
168,0.00289326,2.86795070444421e6,2.8679509123643674e6,0.018413443037884846,-0.9582028824730318, -0.19133856752385503,0.75,0.5,2.3860954315228333e-9, 0.0,0.0,0.07291873656571644, -0.06239664331873358,0.75,0.5,2.109030325235046e-10, 7.749072223322873e-10,0.0
169,0.00275548,2.867950242829316e6,2.8679504926233287e6,0.018413443037884846,-0.9582028824730318, -0.19133856788377776,0.75,0.5,2.3860954315228333e-9, 5.965238578807083e-10,0.0,0.07291873656571644, -0.06239666116798513,0.75,0.5,2.109030325235046e-10, 9.132369195026533e-10,0.0
170,0.00262427,2.867949694666742e6,2.8679499613118833e6,0.027925369010483796,-0.9582028824730318, -0.19133856819876335,0.75,0.5,2.3860954315228333e-9, 1.0332096297763829e-9,0.0,0.07291873656571644, -0.062396688289464666,0.75,0.5,2.109030325235046e-10, 1.476321227664532e-9,0.0
171,0.0024993,2.8679493041079305e6,2.867949505217369e6,0.020994555243259116,-0.9582028834863909, -0.19133856846409386,0.75,0.5,6.083373583314761e-9, 9.431870347668106e-10,0.0,0.07291873656571644, -0.062396712038286915,0.75,0.5,2.109030325235046e-10, 8.369954622098405e-10,0.0
172,0.00238029,2.8679489177146805e6,2.8679491051906906e6,0.017468525869645868,-0.9582028895347705, -0.19133856875672256,0.75,0.5,5.33547158568675e-9, 5.965238578807083e-10,0.0,0.07291873656571644, -0.06239673097021048,0.75,0.5,2.109030325235046e-10, 8.631578609312869e-10,0.0
173,0.00226694,2.867948564796495e6,2.8679487267482965e6,0.016469484133012302,-0.9582028895347705, -0.19133856903143304,0.75,0.5,5.33547158568675e-9, 8.436121300940184e-10,0.0,0.07291873656571644, -0.06239674667819325,0.75,0.5,2.109030325235046e-10, 6.994862260285865e-10,0.0
174,0.00215899,2.8679482262464985e6,2.8679483818279603e6,0.02255176992531063,-0.9582028896049384, -0.19133856938341087,0.75,0.5,5.844716284816981e-9, 4.218060650470092e-10,0.0,0.07291873656571644, -0.06239676074705429,0.75,0.5,2.109030325235046e-10, 6.414365318801203e-10,0.0
175,0.00205618,2.867947858373921e6,2.867948047748937e6,0.019312181983410705,-0.9582028900662773, -0.19133856965693502,0.75,0.5,2.9223581424084904e-9, 4.218060650470092e-10,0.0,0.07291873656571644, -0.06239677453258587,0.75,0.5,2.109030325235046e-10, 7.456548223508854e-10,0.0
176,0.00195827,2.8679475827665287e6,2.8679477035116036e6,0.010085458113185982,-0.9582028936543562, -0.19133856987236056,0.75,0.5,2.9223581424084904e-9, 0.0,0.0,0.07291873656571644, -0.06239679101982398,0.75,0.5,2.109030325235046e-10, 6.414365318801203e-10,0.0
177,0.00186502,2.867947263561194e6,2.8679474347305936e6,0.021787079618737385,-0.9582028936543562, -0.19133857013607897,0.75,0.5,2.9223581424084904e-9, 5.965238578807083e-10,0.0,0.07291873656571644, -0.062396802463550394,0.75,0.5,2.109030325235046e-10, 7.073902760751079e-10,0.0
178,0.00177621,2.8679469623591234e6,2.8679471055792575e6,0.011645683913097246,-0.9582028936543562, -0.19133857031891416,0.75,0.5,2.9223581424084904e-9, 0.0,0.0,0.07291873656571644, -0.062396819523919345,0.75,0.5,2.109030325235046e-10, 6.752191596496703e-10,0.0
179,0.00169163,2.8679466753602726e6,2.8679468167497483e6,0.014262991646413384,-0.9582028936543562, -0.19133857045639252,0.75,0.5,2.9223581424084904e-9, 4.218060650470092e-10,0.0,0.07291873656571644, -0.062396834641638324,0.75,0.5,2.109030325235046e-10, 7.305895356021226e-10,0.0
180,0.00161107,2.8679464089436363e6,2.8679465452976758e6,0.010085458113185982,-0.9582028936543562, -0.19133857064714221,0.75,0.5,2.9223581424084904e-9, 5.965238578807083e-10,0.0,0.07291873656571644, -0.06239684660328375,0.75,0.5,2.109030325235046e-10, 4.473928934105312e-10,0.0
181,0.00153436,2.867946125963866e6,2.8679462657220224e6,0.011645683913097246,-0.9582028936543562, -0.1913385708602178,0.75,0.5,2.9223581424084904e-9, 7.305895356021226e-10,0.0,0.07291873656571644, -0.062396859455088015,0.75,0.5,2.109030325235046e-10, 6.585445079827193e-10,0.0
182,0.00146129,2.867945907478958e6,2.867946016971366e6,0.005822841956548623,-0.9582028936543562, -0.19133857107994826,0.75,0.5,2.9223581424084904e-9, 5.965238578807083e-10,0.0,0.07291873656571644, -0.0623968706884376,0.75,0.5,2.109030325235046e-10, 4.715935173834053e-10,0.0
183,0.00139171,2.8679456984728775e6,2.867945803654713e6,0.015405791740660426,-0.9582028936543562, -0.19133857122990489,0.75,0.5,2.9223581424084904e-9, 0.0,0.0,0.07291873656571644, -0.06239687974355725,0.75,0.5,2.109030325235046e-10, 4.715935173834053e-10,0.0
184,0.00132543,2.86794548131586e6,2.867945589120344e6,0.005822841956548623,-0.9582028936543562, -0.19133857140117527,0.75,0.5,2.9223581424084904e-9, 0.0,0.0,0.07291873656571644, -0.062396889533623656,0.75,0.5,2.109030325235046e-10, 4.0841196631408725e-10,0.0
185,0.00126232,2.8679452261208207e6,2.8679453448135764e6,0.011645683913097246,-0.9582028936543562, -0.19133857157286377,0.75,0.5,2.9223581424084904e-9, 5.965238578807083e-10,0.0,0.07291873656571644, -0.062396902097985096,0.75,0.5,2.109030325235046e-10, 6.752191596496703e-10,0.0
186,0.00120221,2.867945032132514e6,2.867945120110519e6,0.008234742066506151,-0.958202901526446, -0.19133857171621985,0.75,0.5,5.06167278056411e-9, 7.305895356021226e-10,0.0,0.07291873656571644, -0.0623969115898386,0.75,0.5,2.109030325235046e-10, 2.583024074440957e-10,0.0
187,0.00114496,2.86794481249062e6,2.867944918882859e6,0.011645683913097246,-0.9582029118979026, -0.19133857187064013,0.75,0.5,4.4639757984524824e-9, 5.965238578807083e-10,0.0,0.07291873656571644, -0.062396920359922795,0.75,0.5,2.109030325235046e-10, 5.965238578807083e-10,0.0
188,0.00109044,2.8679446573215635e6,2.8679447352343244e6,0.005822841956548623,-0.9582029118979026, -0.19133857202393043,0.75,0.5,4.4639757984524824e-9, 5.965238578807083e-10,0.0,0.07291873656571644, -0.06239692922470239,0.75,0.5,2.109030325235046e-10, 3.163545487852569e-10,0.0
189,0.00103851,2.86794451364112e6,2.8679445862383954e6,0.011645683913097246,-0.9582029118979026, -0.19133857213391786,0.75,0.5,4.4639757984524824e-9, 4.218060650470092e-10,0.0,0.07291873656571644, -0.06239693538255231,0.75,0.5,2.109030325235046e-10, 2.583024074440957e-10,0.0
190,0.00098906,2.867944364488535e6,2.8679444498969545e6,0.008234742066506151,-0.9582029118979026, -0.1913385722522462,0.75,0.5,4.4639757984524824e-9, 7.305895356021226e-10,0.0,0.07291873656571644, -0.06239694083072628,0.75,0.5,2.109030325235046e-10, 2.9826192894035416e-10,0.0
191,0.00094196,2.867944209011485e6,2.8679442919394635e6,0.013020270437080598,-0.9582029118979026, -0.1913385723811316,0.75,0.5,4.4639757984524824e-9, 7.305895356021226e-10,0.0,0.07291873656571644, -0.062396947027732894,0.75,0.5,2.109030325235046e-10, 3.945634447672979e-10,0.0
192,0.00089711,2.8679440560417264e6,2.8679441306152977e6,0.014262991646413384,-0.9582029118979026, -0.19133857249227001,0.75,0.5,4.4639757984524824e-9, 4.218060650470092e-10,0.0,0.07291873656571644, -0.0623969551930855,0.75,0.5,2.109030325235046e-10, 3.945634447672979e-10,0.0
193,0.00085439,2.867943905175005e6,2.8679439891860993e6,0.008234742066506151,-0.9582029118979026, -0.1913385726171293,0.75,0.5,4.4639757984524824e-9, 0.0,0.0,0.07291873656571644, -0.062396962287563584,0.75,0.5,2.109030325235046e-10, 2.9826192894035416e-10,0.0
194,0.0008137,2.8679437685433766e6,2.8679438349647927e6,0.008234742066506151,-0.9582029118979026, -0.19133857271963609,0.75,0.5,4.4639757984524824e-9, 7.305895356021226e-10,0.0,0.07291873656571644, -0.0623969694330868,0.75,0.5,2.109030325235046e-10, 3.163545487852569e-10,0.0
195,0.00077495,2.867943649989952e6,2.8679437122877305e6,0.008234742066506151,-0.9582029118979026, -0.19133857281875202,0.75,0.5,4.4639757984524824e-9, 5.965238578807083e-10,0.0,0.07291873656571644, -0.06239697547822963,0.75,0.5,2.109030325235046e-10, 2.109030325235046e-10,0.0
196,0.00073805,2.867943500604563e6,2.8679435691593634e6,0.0,-0.9582029118979026, -0.191338572908819,0.75,0.5,4.4639757984524824e-9, 4.218060650470092e-10,0.0,0.07291873656571644, -0.06239698256017294,0.75,0.5,2.109030325235046e-10, 3.652947678010613e-10,0.0
197,0.00070291,2.867943369667053e6,2.8679434373098616e6,0.010085458113185982,-0.9582029118979026, -0.19133857302888096,0.75,0.5,4.4639757984524824e-9, 8.436121300940184e-10,0.0,0.07291873656571644, -0.06239698872155176,0.75,0.5,2.109030325235046e-10, 2.9826192894035416e-10,0.0
198,0.00066943,2.867943280049739e6,2.867943325709826e6,0.005822841956548623,-0.9582029118979026, -0.1913385731347967,0.75,0.5,4.4639757984524824e-9, 4.218060650470092e-10,0.0,0.07291873656571644, -0.06239699356850512,0.75,0.5,2.109030325235046e-10, 0.0,0.0
199,0.00063756,2.8679431536924164e6,2.867943215603667e6,0.005822841956548623,-0.9582029118979026, -0.19133857322224568,0.75,0.5,4.4639757984524824e-9, 8.436121300940184e-10,0.0,0.07291873656571644, -0.06239699812869205,0.75,0.5,2.109030325235046e-10, 2.583024074440957e-10,0.0
200,0.0006072,2.8679430505892793e6,2.8679431024715696e6,0.005822841956548623,-0.9582029118979026, -0.19133857330767406,0.75,0.5,4.4639757984524824e-9, 4.218060650470092e-10,0.0,0.07291873656571644, -0.062397003275114535,0.75,0.5,2.109030325235046e-10, 2.109030325235046e-10,0.0
1,10.0,2.942933298284128e6,5.1026712398770265e6,416073.51040886773,-0.6290599875844098, -0.18675175715127068,0.75,0.5,0.057725756754415554, 0.0010706768282604867,0.0,0.0729152883221215, -0.05927478663013684,0.75,0.5,2.4712580272446086e-8, 1.3004615080789943e-5,0.0
2,9.52380952,2.9336393573865853e6,2.938047617730441e6,419.61479104904396,-0.957092540470294, -0.1910665066982042,0.75,0.5,4.918036161876457e-6, 1.287660757615052e-6,0.0,0.0729159209547428, -0.0596415183181618,0.75,0.5,2.1537939769435916e-8, 1.52678683768087e-5,0.0
3,9.07029478,2.925423173833042e6,2.929576564132483e6,381.14459274190585,-0.9572128204291722, -0.1910968231841635,0.75,0.5,5.948718238990837e-6, 1.448417600405376e-6,0.0,0.0729164267827493, -0.05996483642559719,0.75,0.5,2.527274895669092e-8, 1.448424191057828e-5,0.0
4,8.63837599,2.9173187741713263e6,2.921367761757943e6,373.480057551176,-0.9573593872230919, -0.1911334936421361,0.75,0.5,7.789187885950346e-6, 1.890147100063995e-6,0.0,0.07291705604033474, -0.06027434979151954,0.75,0.5,3.116587406570894e-8, 1.3261785234964583e-5,0.0
5,8.22702475,2.910213049598441e6,2.913827665090473e6,325.17245323043977,-0.9574788855721733, -0.19116316234829328,0.75,0.5,5.10742682050069e-6, 1.3063396485563233e-6,0.0,0.07291751823260148, -0.06055715284958936,0.75,0.5,2.037207578046894e-8, 1.345266649767309e-5,0.0
6,7.83526166,2.9038473433814575e6,2.906984096322523e6,295.6987413872071,-0.9575719159091705, -0.19118666235718648,0.75,0.5,3.6660281127828614e-6, 9.194011889588624e-7,0.0,0.07291788988514622, -0.0608300727010954,0.75,0.5,1.4050004823783338e-8, 1.118641986418069e-5,0.0
7,7.46215397,2.8973802563245185e6,2.900631597289189e6,294.7100086544431,-0.957651968494571, -0.19120614966633617,0.75,0.5,2.7832675594696826e-6, 6.725106107738986e-7,0.0,0.072918168695071, -0.06107901455873049,0.75,0.5,9.454244501911993e-9, 1.3470242841857376e-5,0.0
8,7.1068133,2.890815837126123e6,2.8940439819818162e6,300.47664732562544,-0.9577341279714329, -0.19122694921532352,0.75,0.5,3.882112371202371e-6, 9.876666249310295e-7,0.0,0.07291850386398857, -0.06137256905300453,0.75,0.5,1.4626243149190511e-8, 1.229525941396341e-5,0.0
9,6.76839362,2.885130907004193e6,2.8878998264720775e6,263.99732087488377,-0.9578073819408723, -0.19124466187713512,0.75,0.5,2.928395829078476e-6, 6.431448469105512e-7,0.0,0.07291877180171948, -0.06160703874266933,0.75,0.5,9.408261123286533e-9, 1.0030355603007119e-5,0.0
10,6.44608916,2.8793427959991256e6,2.882368579817929e6,263.20255301164104,-0.9578601322803777, -0.19125746027857643,0.75,0.5,2.8458622211255424e-6, 7.550997768888588e-7,0.0,0.07291895457798571, -0.061830678682765684,0.75,0.5,1.2940924834240143e-8, 1.1510373126081258e-5,0.0
11,6.13913254,2.874003735088311e6,2.876483436983631e6,246.22487412408842,-0.9579364063296911, -0.19127683559562925,0.75,0.5,3.4494547982001593e-6, 8.016580458339656e-7,0.0,0.07291929840387133, -0.06209371392890036,0.75,0.5,1.2795749609879603e-8, 1.0903441879806456e-5,0.0
12,5.84679289,2.8700518710882063e6,2.8720965305009917e6,178.33977566378772,-0.9579967513200296, -0.19129173776769262,0.75,0.5,2.7954047432294916e-6, 7.036434461372533e-7,0.0,0.07291952708272598, -0.06227708017218779,0.75,0.5,1.186505297455039e-8, 7.335669761292509e-6,0.0
13,5.56837418,2.8662939896495244e6,2.868145731976128e6,177.6978786583506,-0.9580512213873401, -0.19130497839350746,0.75,0.5,2.17156512011521e-6, 5.053446149585813e-7,0.0,0.07291973165552783, -0.062446213323299984,0.75,0.5,7.178452706143343e-9, 7.900306922843014e-6,0.0
14,5.30321351,2.8626071782129863e6,2.86448247395934e6,168.26986881748678,-0.9580879117652341, -0.19131388670436494,0.75,0.5,1.7220097125965823e-6, 4.261118189231977e-7,0.0,0.07291985505936219, -0.06259383717112807,0.75,0.5,5.465197146415709e-9, 6.69315082535317e-6,0.0
