i,ar_pcont1,ar_pcont2,ar_pcont3,ar_ncont1,ar_ncont2,ar_ncont3,∆w_pcont1,∆w_pcont2,∆w_ncont1,∆w_ncont2,ar_ppeak,ar_npeak,∆w_ppeak,∆w_npeak,ar_wAc,ar_wAp,ar_wApc,∆w_Ac,∆w_Ap,∆w_Apc
1.0,0.48992425,0.475841,0.36423874,0.49204175,0.504524,0.2159497,0.40907125,0.94692419,0.17044635,0.45665711,0.4828,0.49545,5.186e-5,9.33e-6,0.425718,0.37385,0.37568,8.053e-5,1.81e-6,1.81e-6
2.0,0.483402,0.471376,0.35974925,0.4861445,0.497798,0.21152628,0.40907125,0.94692419,0.17044635,0.45665711,0.4753,0.48885,5.186e-5,9.33e-6,0.4255055,0.36305,0.3606345,1.301e-5,2.9e-7,2.9e-7
3.0,0.47929625,0.465857,0.35821321,0.480612,0.489931,0.20978679,0.40907125,0.94692419,0.17044635,0.45665711,0.5212,0.4783,4.321e-5,9.33e-6,0.424242,0.35325,0.353357,2.1e-6,5.0e-8,5.0e-8
4.0,0.4741755,0.460343,0.35303453,0.47527825,0.482965,0.20594294,0.40907125,0.94692419,0.17044635,0.45665711,0.5164,0.46325,4.321e-5,7.78e-6,0.42529,0.341,0.341334,3.4e-7,1.0e-8,1.0e-8
5.0,0.468572,0.455968,0.34698498,0.468784,0.475795,0.20385661,0.40907125,0.94692419,0.17044635,0.45665711,0.5067,0.45125,4.321e-5,3.75e-6,0.4250815,0.3254,0.3273675,5.0e-8,0.0,0.0
6.0,0.4639075,0.532043,0.34660736,0.46324525,0.467861,0.19977703,0.40907125,0.78910349,0.17044635,0.45665711,0.49515,0.44475,4.321e-5,1.26e-6,0.427753,0.32465,0.3210455,1.0e-8,0.0,0.0
7.0,0.45869725,0.525117,0.34199399,0.4579,0.45846,0.19653679,0.40907125,0.78910349,0.17044635,0.45665711,0.48335,0.43235,4.321e-5,2.4e-7,0.424587,0.30715,0.3072575,0.0,0.0,0.0
8.0,0.45370925,0.520232,0.33798799,0.45182175,0.526283,0.19493168,0.40907125,0.78910349,0.17044635,0.38054759,0.5209,0.41515,3.601e-5,4.0e-8,0.423436,0.29535,0.2935625,0.0,0.0,0.0
9.0,0.4959325,0.514808,0.33390991,0.49175875,0.515272,0.19088664,0.34089271,0.78910349,0.14203863,0.38054759,0.50625,0.4052,3.601e-5,1.0e-8,0.4232435,0.2918,0.28527,0.0,0.0,0.0
10.0,0.49076075,0.509048,0.33078529,0.48600475,0.508756,0.18728378,0.34089271,0.78910349,0.14203863,0.38054759,0.51025,0.39695,3.601e-5,0.0,0.4241475,0.27655,0.269886,0.0,0.0,0.0
11.0,0.484867,0.503133,0.32552102,0.4804145,0.500267,0.18425676,0.34089271,0.78910349,0.14203863,0.38054759,0.50455,0.3832,3.601e-5,0.0,0.42598,0.2532,0.2562395,0.0,0.0,0.0
12.0,0.47949475,0.496281,0.32162688,0.475266,0.491997,0.1826952,0.34089271,0.78910349,0.14203863,0.38054759,0.49145,0.374,3.601e-5,0.0,0.4237705,0.2476,0.2499665,0.0,0.0,0.0
13.0,0.47500925,0.490651,0.32008634,0.468879,0.48365,0.1785991,0.34089271,0.78910349,0.14203863,0.38054759,0.4758,0.36315,3.601e-5,0.0,0.4258735,0.22685,0.229068,0.0,0.0,0.0
14.0,0.4688035,0.484908,0.31319294,0.462475,0.475207,0.17563739,0.34089271,0.78910349,0.14203863,0.38054759,0.474,0.35085,3.601e-5,0.0,0.4230385,0.2322,0.2292675,0.0,0.0,0.0
15.0,0.46397925,0.478364,0.31152402,0.4572535,0.466736,0.1726464,0.34089271,0.78910349,0.14203863,0.38054759,0.51725,0.33805,3.001e-5,0.0,0.423133,0.2177,0.218875,0.0,0.0,0.0
16.0,0.45894175,0.472875,0.30902177,0.45100425,0.45759,0.17048649,0.34089271,0.78910349,0.14203863,0.38054759,0.512,0.32845,3.001e-5,0.0,0.4190715,0.2064,0.2036785,0.0,0.0,0.0
17.0,0.45357325,0.467987,0.30493694,0.49090275,0.52327,0.16776426,0.34089271,0.78910349,0.11836552,0.317123,0.5041,0.3136,3.001e-5,0.0,0.4207595,0.1958,0.1911275,0.0,0.0,0.0
18.0,0.494306,0.461871,0.29938589,0.48566925,0.515915,0.16408258,0.28407726,0.78910349,0.11836552,0.317123,0.4889,0.30745,3.001e-5,0.0,0.4231565,0.1785,0.1815255,0.0,0.0,0.0
19.0,0.48854125,0.45645,0.29657057,0.479442,0.506203,0.16314865,0.28407726,0.78910349,0.11836552,0.317123,0.48505,0.29985,3.001e-5,0.0,0.422232,0.1732,0.1763905,0.0,0.0,0.0
20.0,0.4830745,0.527645,0.2937958,0.4736815,0.497326,0.15903979,0.28407726,0.65758624,0.11836552,0.317123,0.477,0.284,3.001e-5,0.0,0.423273,0.16935,0.1654125,0.0,0.0,0.0
21.0,0.478712,0.52405,0.29088889,0.467995,0.489543,0.15641892,0.28407726,0.65758624,0.11836552,0.317123,0.4561,0.27255,3.001e-5,0.0,0.4243985,0.1554,0.152305,0.0,0.0,0.0
22.0,0.4722295,0.514364,0.28443393,0.46237525,0.480859,0.15369219,0.28407726,0.65758624,0.11836552,0.317123,0.49695,0.2521,2.501e-5,0.0,0.4236355,0.13635,0.138947,0.0,0.0,0.0
23.0,0.46709625,0.507511,0.28251727,0.4560435,0.473767,0.15110811,0.28407726,0.65758624,0.11836552,0.317123,0.48715,0.24935,2.501e-5,0.0,0.4214695,0.13225,0.1326245,0.0,0.0,0.0
24.0,0.46144625,0.50182,0.27931757,0.496326,0.465439,0.1485548,0.28407726,0.65758624,0.09863794,0.317123,0.4781,0.23885,2.501e-5,0.0,0.4221,0.11825,0.122231,0.0,0.0,0.0
25.0,0.456509,0.495588,0.27881081,0.48972675,0.456522,0.14574249,0.28407726,0.65758624,0.09863794,0.317123,0.51975,0.22185,2.084e-5,0.0,0.4226665,0.1108,0.109224,0.0,0.0,0.0
26.0,0.451669,0.489667,0.27251877,0.484018,0.519715,0.14529129,0.28407726,0.65758624,0.09863794,0.26426916,0.5074,0.21365,2.084e-5,0.0,0.416616,0.10265,0.103209,0.0,0.0,0.0
27.0,0.4911565,0.481195,0.26615841,0.47808225,0.511114,0.14128529,0.23673105,0.65758624,0.09863794,0.26426916,0.5012,0.2047,2.084e-5,0.0,0.420408,0.09025,0.091861,0.0,0.0,0.0
28.0,0.48635425,0.476626,0.26522598,0.472493,0.502578,0.13871246,0.23673105,0.65758624,0.09863794,0.26426916,0.49165,0.20125,2.084e-5,0.0,0.4218265,0.09485,0.0937035,0.0,0.0,0.0
29.0,0.480752,0.469906,0.26461486,0.46575525,0.492376,0.13725601,0.23673105,0.65758624,0.09863794,0.26426916,0.48095,0.1756,2.084e-5,0.0,0.417213,0.0845,0.081197,0.0,0.0,0.0
30.0,0.47437725,0.46136,0.25526051,0.46077,0.484251,0.1342515,0.23673105,0.65758624,0.09863794,0.26426916,0.4721,0.1695,2.084e-5,0.0,0.420703,0.0728,0.07057,0.0,0.0,0.0
31.0,0.469414,0.456718,0.25494444,0.45467275,0.475344,0.13041441,0.23673105,0.65758624,0.09863794,0.26426916,0.4948,0.16015,1.737e-5,0.0,0.421394,0.06335,0.0661605,0.0,0.0,0.0
32.0,0.46382675,0.527159,0.25076877,0.49462225,0.469213,0.13099099,0.23673105,0.54798854,0.08219828,0.26426916,0.4839,0.14915,1.737e-5,0.0,0.416497,0.05975,0.059872,0.0,0.0,0.0
33.0,0.4583575,0.519846,0.2476464,0.4877805,0.459429,0.1272027,0.23673105,0.54798854,0.08219828,0.26426916,0.478,0.13985,1.737e-5,0.0,0.4179815,0.0555,0.053765,0.0,0.0,0.0
34.0,0.45293425,0.51399,0.24588063,0.48261425,0.452322,0.1258033,0.23673105,0.54798854,0.08219828,0.26426916,0.50455,0.1291,1.447e-5,0.0,0.419337,0.0481,0.049479,0.0,0.0,0.0
35.0,0.492352,0.504262,0.23889715,0.47657875,0.513238,0.12243318,0.19727587,0.54798854,0.08219828,0.2202243,0.49445,0.1171,1.447e-5,0.0,0.4196025,0.04675,0.0453125,0.0,0.0,0.0
36.0,0.4870075,0.497973,0.23691366,0.470509,0.504304,0.12014039,0.19727587,0.54798854,0.08219828,0.2202243,0.487,0.11345,1.447e-5,0.0,0.4184585,0.0419,0.0438605,0.0,0.0,0.0
37.0,0.480767,0.487779,0.23149249,0.46435725,0.494656,0.11861562,0.19727587,0.54798854,0.08219828,0.2202243,0.51785,0.10535,1.206e-5,0.0,0.4161505,0.03915,0.0378265,0.0,0.0,0.0
38.0,0.474883,0.48303,0.22921772,0.45884775,0.485734,0.11515315,0.19727587,0.54798854,0.08219828,0.2202243,0.5111,0.1028,1.206e-5,0.0,0.4206955,0.0334,0.032377,0.0,0.0,0.0
39.0,0.47001625,0.476656,0.22806456,0.4532275,0.477884,0.11270345,0.19727587,0.54798854,0.08219828,0.2202243,0.49875,0.0881,1.206e-5,0.0,0.4223375,0.02275,0.02392,0.0,0.0,0.0
40.0,0.464475,0.46923,0.22427177,0.49221925,0.469239,0.11203604,0.19727587,0.54798854,0.06849857,0.2202243,0.4905,0.0777,1.206e-5,0.0,0.415741,0.0259,0.0256175,0.0,0.0,0.0
41.0,0.45890675,0.462293,0.22048423,0.48630175,0.459898,0.109253,0.19727587,0.54798854,0.06849857,0.2202243,0.5372,0.0699,1.005e-5,0.0,0.4183685,0.01595,0.016772,0.0,0.0,0.0
42.0,0.45348225,0.454509,0.21659384,0.4803535,0.52253,0.10780706,0.19727587,0.54798854,0.06849857,0.18352025,0.523,0.072,1.005e-5,0.0,0.4161025,0.01605,0.016265,0.0,0.0,0.0
43.0,0.492465,0.521011,0.21436712,0.47472375,0.514997,0.1047973,0.16439656,0.45665711,0.06849857,0.18352025,0.50695,0.06045,1.005e-5,0.0,0.422729,0.01495,0.015977,0.0,0.0,0.0
44.0,0.4865915,0.513359,0.21010135,0.468775,0.50382,0.10318994,0.16439656,0.45665711,0.06849857,0.18352025,0.4987,0.0576,1.005e-5,0.0,0.419919,0.0121,0.0119315,0.0,0.0,0.0
45.0,0.48144925,0.507379,0.20825901,0.46229825,0.494339,0.10156907,0.16439656,0.45665711,0.06849857,0.18352025,0.49195,0.04965,1.005e-5,0.0,0.4141735,0.01055,0.01071,0.0,0.0,0.0
46.0,0.47568075,0.499493,0.2037455,0.45665375,0.48615,0.09990616,0.16439656,0.45665711,0.06849857,0.18352025,0.4824,0.03775,1.005e-5,0.0,0.4187325,0.0072,0.0074045,0.0,0.0,0.0
47.0,0.47026075,0.494037,0.20161261,0.49581625,0.477557,0.09758709,0.16439656,0.45665711,0.05708214,0.18352025,0.4746,0.0376,1.005e-5,0.0,0.4188505,0.00785,0.007087,0.0,0.0,0.0
48.0,0.46446975,0.485408,0.19779354,0.4899395,0.468012,0.09557508,0.16439656,0.45665711,0.05708214,0.18352025,0.46435,0.0337,6.98e-6,0.0,0.415183,0.00475,0.0058015,0.0,0.0,0.0
49.0,0.4583955,0.474088,0.19333033,0.48361625,0.457945,0.09477778,0.16439656,0.45665711,0.05708214,0.18352025,0.4464,0.0294,4.85e-6,0.0,0.411197,0.00495,0.0049915,0.0,0.0,0.0
50.0,0.45301275,0.470676,0.19195571,0.477641,0.520789,0.09205405,0.16439656,0.45665711,0.05708214,0.15293354,0.4401,0.02645,1.35e-6,0.0,0.415897,0.00435,0.004257,0.0,0.0,0.0
51.0,0.49225825,0.462515,0.18942192,0.47162875,0.512087,0.09123498,0.13699713,0.45665711,0.05708214,0.15293354,0.4274,0.0242,2.2e-7,0.0,0.4097735,0.0048,0.0047605,0.0,0.0,0.0
52.0,0.48696575,0.454589,0.18721922,0.4658645,0.502507,0.08844745,0.13699713,0.45665711,0.05708214,0.15293354,0.4194,0.02255,4.0e-8,0.0,0.4165955,0.0022,0.002109,0.0,0.0,0.0
53.0,0.4801225,0.516091,0.18094895,0.4599925,0.493773,0.08657583,0.13699713,0.38054759,0.05708214,0.15293354,0.3985,0.01985,1.0e-8,0.0,0.413031,0.0014,0.001172,0.0,0.0,0.0
54.0,0.47494825,0.509767,0.17830405,0.4542895,0.485649,0.08436036,0.13699713,0.38054759,0.05708214,0.15293354,0.39275,0.01295,0.0,0.0,0.4191715,0.0016,0.0016965,0.0,0.0,0.0
55.0,0.4694325,0.502844,0.17742192,0.49380625,0.476068,0.0836524,0.13699713,0.38054759,0.04756845,0.15293354,0.36865,0.0097,0.0,0.0,0.4123695,0.0011,0.0011105,0.0,0.0,0.0
56.0,0.463597,0.495446,0.1745458,0.48666675,0.464204,0.08259234,0.13699713,0.38054759,0.04756845,0.15293354,0.36775,0.0106,0.0,0.0,0.4064225,0.0006,0.0008165,0.0,0.0,0.0
57.0,0.45842275,0.487824,0.17057132,0.4811645,0.456831,0.08074625,0.13699713,0.38054759,0.04756845,0.15293354,0.35705,0.0095,0.0,0.0,0.4135045,0.0,7.2e-5,0.0,0.0,0.0
58.0,0.452616,0.481549,0.16972297,0.475425,0.518284,0.07957808,0.13699713,0.38054759,0.04756845,0.12744462,0.3415,0.00625,0.0,0.0,0.4104195,0.00035,0.0006315,0.0,0.0,0.0
59.0,0.49119675,0.469106,0.16508934,0.46961275,0.50991,0.0767545,0.11416428,0.38054759,0.04756845,0.12744462,0.34195,0.0056,0.0,0.0,0.4150225,5.0e-5,0.0001005,0.0,0.0,0.0
60.0,0.486099,0.465323,0.16377853,0.4635285,0.502379,0.07596847,0.11416428,0.38054759,0.04756845,0.12744462,0.32585,0.00325,0.0,0.0,0.414807,0.0,6.0e-5,0.0,0.0,0.0
61.0,0.4797665,0.456857,0.15955631,0.457928,0.491215,0.07419369,0.11416428,0.38054759,0.04756845,0.12744462,0.30915,0.0045,0.0,0.0,0.416746,0.0003,0.000304,0.0,0.0,0.0
62.0,0.47424,0.519401,0.15757207,0.4968745,0.482199,0.07260135,0.11416428,0.317123,0.03964037,0.12744462,0.29685,0.0029,0.0,0.0,0.4115565,0.0,2.0e-6,0.0,0.0,0.0
63.0,0.4682465,0.510678,0.15567417,0.4905515,0.47456,0.07181682,0.11416428,0.317123,0.03964037,0.12744462,0.28795,0.0018,0.0,0.0,0.40932,0.0001,6.5e-5,0.0,0.0,0.0
64.0,0.4625005,0.501115,0.15079054,0.4847765,0.465497,0.06973574,0.11416428,0.317123,0.03964037,0.12744462,0.2804,0.00135,0.0,0.0,0.411866,0.0002,0.000122,0.0,0.0,0.0
65.0,0.45753,0.493311,0.14864189,0.47918225,0.455962,0.06847523,0.11416428,0.317123,0.03964037,0.12744462,0.2605,0.00125,0.0,0.0,0.4135675,0.00015,4.65e-5,0.0,0.0,0.0
66.0,0.4966905,0.488523,0.147247,0.47274575,0.518065,0.06715916,0.0951369,0.317123,0.03964037,0.10620385,0.256,0.00135,0.0,0.0,0.413159,0.0,1.0e-6,0.0,0.0,0.0
67.0,0.490556,0.47895,0.1464985,0.4669395,0.508009,0.06563363,0.0951369,0.317123,0.03964037,0.10620385,0.24105,0.00055,0.0,0.0,0.412402,0.0,0.0,0.0,0.0,0.0
68.0,0.484873,0.471934,0.14349625,0.46125575,0.500722,0.06432508,0.0951369,0.317123,0.03964037,0.10620385,0.22495,0.00105,0.0,0.0,0.4170555,0.0,0.0,0.0,0.0,0.0
69.0,0.47910825,0.463066,0.14069294,0.456049,0.490881,0.06254129,0.0951369,0.317123,0.03964037,0.10620385,0.2166,0.0006,0.0,0.0,0.4196645,0.0,0.0,0.0,0.0,0.0
70.0,0.47289,0.456553,0.1387515,0.494242,0.480534,0.06225751,0.0951369,0.317123,0.03303365,0.10620385,0.21105,0.0003,0.0,0.0,0.409335,0.00015,8.5e-5,0.0,0.0,0.0
71.0,0.46659,0.516662,0.13652177,0.48772225,0.471154,0.06098198,0.0951369,0.26426916,0.03303365,0.10620385,0.19745,0.0001,0.0,0.0,0.4090375,0.0,0.0,0.0,0.0,0.0
72.0,0.46147275,0.508275,0.13388739,0.48184525,0.461526,0.05921997,0.0951369,0.26426916,0.03303365,0.10620385,0.18195,0.0002,0.0,0.0,0.4051135,0.0,1.0e-6,0.0,0.0,0.0
73.0,0.4560935,0.50058,0.13183634,0.476427,0.525081,0.05823649,0.0951369,0.26426916,0.03303365,0.08850321,0.17,0.0,0.0,0.0,0.409883,0.0,0.0,0.0,0.0,0.0
74.0,0.49427125,0.49253,0.12926577,0.470144,0.514819,0.0560458,0.07928075,0.26426916,0.03303365,0.08850321,0.1652,0.00025,0.0,0.0,0.415004,0.0,0.0,0.0,0.0,0.0
75.0,0.4893455,0.48459,0.12826426,0.4643585,0.505433,0.05518168,0.07928075,0.26426916,0.03303365,0.08850321,0.15295,0.0,0.0,0.0,0.412057,0.0,0.0,0.0,0.0,0.0
76.0,0.4833045,0.475863,0.12591066,0.45813225,0.49584,0.05411036,0.07928075,0.26426916,0.03303365,0.08850321,0.1442,0.0,0.0,0.0,0.414044,0.0,0.0,0.0,0.0,0.0
77.0,0.47661525,0.466341,0.1232012,0.45206425,0.48599,0.05294144,0.07928075,0.26426916,0.03303365,0.08850321,0.13205,0.0,0.0,0.0,0.412967,0.0,0.0,0.0,0.0,0.0
78.0,0.47086375,0.458526,0.12005556,0.491761,0.476574,0.05156757,0.07928075,0.26426916,0.02752804,0.08850321,0.12485,0.0,0.0,0.0,0.4169645,0.0,0.0,0.0,0.0,0.0
79.0,0.465193,0.518652,0.11904655,0.4850975,0.468897,0.05129805,0.07928075,0.2202243,0.02752804,0.08850321,0.11925,0.0,0.0,0.0,0.4060655,0.0,0.0,0.0,0.0,0.0
80.0,0.45913875,0.512898,0.11594069,0.478781,0.459681,0.05006231,0.07928075,0.2202243,0.02752804,0.08850321,0.10705,0.0,0.0,0.0,0.413188,0.0,0.0,0.0,0.0,0.0
81.0,0.45330075,0.501556,0.11450826,0.47332475,0.521544,0.04865165,0.07928075,0.2202243,0.02752804,0.07375267,0.10025,0.0,0.0,0.0,0.41686,0.0,0.0,0.0,0.0,0.0
82.0,0.49211175,0.494504,0.11341366,0.46744325,0.512454,0.04769144,0.06606729,0.2202243,0.02752804,0.07375267,0.089,0.0,0.0,0.0,0.4115405,0.0,0.0,0.0,0.0,0.0
83.0,0.486764,0.486001,0.11125075,0.46129575,0.501337,0.04624099,0.06606729,0.2202243,0.02752804,0.07375267,0.08825,0.0,0.0,0.0,0.4154065,0.0,0.0,0.0,0.0,0.0
84.0,0.48063375,0.476827,0.10826276,0.4559395,0.492864,0.04558934,0.06606729,0.2202243,0.02752804,0.07375267,0.07705,0.0,0.0,0.0,0.414683,0.0,0.0,0.0,0.0,0.0
85.0,0.474956,0.469507,0.10653754,0.4951275,0.484097,0.04439565,0.06606729,0.2202243,0.02294003,0.07375267,0.07195,0.0,0.0,0.0,0.419107,0.0,0.0,0.0,0.0,0.0
86.0,0.46900625,0.460487,0.10333333,0.488817,0.474085,0.0431967,0.06606729,0.2202243,0.02294003,0.07375267,0.0601,0.0,0.0,0.0,0.4176175,0.0,0.0,0.0,0.0,0.0
87.0,0.462531,0.520136,0.10202553,0.48270725,0.46761,0.04232958,0.06606729,0.18352025,0.02294003,0.07375267,0.05915,0.0,0.0,0.0,0.415624,0.0,0.0,0.0,0.0,0.0
88.0,0.4569855,0.512428,0.10043619,0.47595975,0.453866,0.04181607,0.06606729,0.18352025,0.02294003,0.07375267,0.0425,0.0,0.0,0.0,0.408607,0.0,0.0,0.0,0.0,0.0
89.0,0.496687,0.504915,0.09923273,0.4707535,0.516254,0.04116592,0.05505608,0.18352025,0.02294003,0.06146056,0.0437,0.0,0.0,0.0,0.412578,0.0,0.0,0.0,0.0,0.0
90.0,0.4900515,0.496769,0.09752327,0.46429075,0.508612,0.04000375,0.05505608,0.18352025,0.02294003,0.06146056,0.0416,0.0,0.0,0.0,0.407895,0.0,0.0,0.0,0.0,0.0
91.0,0.48417,0.486742,0.09630631,0.458301,0.496633,0.03978829,0.05505608,0.18352025,0.02294003,0.06146056,0.03245,0.0,0.0,0.0,0.4112765,0.0,0.0,0.0,0.0,0.0
92.0,0.47822275,0.47991,0.093747,0.452651,0.488136,0.03841667,0.05505608,0.18352025,0.02294003,0.06146056,0.0322,0.0,0.0,0.0,0.412446,0.0,0.0,0.0,0.0,0.0
93.0,0.472864,0.470696,0.09228303,0.49168625,0.480294,0.03745796,0.05505608,0.18352025,0.01911669,0.06146056,0.0298,0.0,0.0,0.0,0.41343,0.0,0.0,0.0,0.0,0.0
94.0,0.46680825,0.461585,0.09024399,0.4859465,0.470972,0.03673423,0.05505608,0.18352025,0.01911669,0.06146056,0.026,0.0,0.0,0.0,0.412343,0.0,0.0,0.0,0.0,0.0
95.0,0.460904,0.452426,0.0880533,0.47955525,0.462391,0.03654279,0.05505608,0.18352025,0.01911669,0.06146056,0.0222,0.0,0.0,0.0,0.409478,0.0,0.0,0.0,0.0,0.0
96.0,0.4553195,0.513971,0.08748724,0.473189,0.522632,0.03502703,0.05505608,0.15293354,0.01911669,0.05121713,0.01795,0.0,0.0,0.0,0.408454,0.0,0.0,0.0,0.0,0.0
97.0,0.49372625,0.504792,0.08540766,0.46823625,0.514107,0.03516066,0.04588006,0.15293354,0.01911669,0.05121713,0.0146,0.0,0.0,0.0,0.4158685,0.0,0.0,0.0,0.0,0.0
98.0,0.4870605,0.493916,0.08408258,0.462684,0.504999,0.03402778,0.04588006,0.15293354,0.01911669,0.05121713,0.01285,0.0,0.0,0.0,0.4186475,0.0,0.0,0.0,0.0,0.0
99.0,0.4816145,0.487115,0.08226877,0.45643575,0.496037,0.03276652,0.04588006,0.15293354,0.01911669,0.05121713,0.01175,0.0,0.0,0.0,0.4192435,0.0,0.0,0.0,0.0,0.0
100.0,0.47597825,0.47908,0.08077853,0.49518875,0.484702,0.03190616,0.04588006,0.15293354,0.01593058,0.05121713,0.0108,0.0,0.0,0.0,0.416012,0.0,0.0,0.0,0.0,0.0
101.0,0.47008,0.469217,0.0792545,0.48847775,0.474449,0.03120796,0.04588006,0.15293354,0.01593058,0.05121713,0.00785,0.0,0.0,0.0,0.410594,0.0,0.0,0.0,0.0,0.0
102.0,0.4644795,0.462441,0.07823574,0.48261075,0.465728,0.03102477,0.04588006,0.15293354,0.01593058,0.05121713,0.00635,0.0,0.0,0.0,0.4116205,0.0,0.0,0.0,0.0,0.0
103.0,0.45841925,0.521077,0.07661336,0.477067,0.458424,0.03056006,0.04588006,0.12744462,0.01593058,0.05121713,0.00295,0.0,0.0,0.0,0.409042,0.0,0.0,0.0,0.0,0.0
104.0,0.45232575,0.511075,0.07493919,0.47092,0.518335,0.02967718,0.04588006,0.12744462,0.01593058,0.04268095,0.0044,0.0,0.0,0.0,0.409636,0.0,0.0,0.0,0.0,0.0
105.0,0.49114725,0.502426,0.0722012,0.46425875,0.509123,0.02893018,0.03823339,0.12744462,0.01593058,0.04268095,0.00375,0.0,0.0,0.0,0.4106505,0.0,0.0,0.0,0.0,0.0
106.0,0.4847415,0.493411,0.07108183,0.45805075,0.498819,0.02859835,0.03823339,0.12744462,0.01593058,0.04268095,0.002,0.0,0.0,0.0,0.4066135,0.0,0.0,0.0,0.0,0.0
107.0,0.47909225,0.484122,0.07016817,0.451959,0.488853,0.02840766,0.03823339,0.12744462,0.01593058,0.04268095,0.00295,0.0,0.0,0.0,0.400304,0.0,0.0,0.0,0.0,0.0
108.0,0.47330225,0.47491,0.06904505,0.49150775,0.479695,0.02714865,0.03823339,0.12744462,0.01327548,0.04268095,0.00045,0.0,0.0,0.0,0.40158,0.0,0.0,0.0,0.0,0.0
109.0,0.467372,0.466501,0.0677545,0.4859675,0.470584,0.02649474,0.03823339,0.12744462,0.01327548,0.04268095,0.0009,0.0,0.0,0.0,0.406279,0.0,0.0,0.0,0.0,0.0
110.0,0.4612895,0.459469,0.06550826,0.4796765,0.461665,0.02558108,0.03823339,0.12744462,0.01327548,0.04268095,0.00055,0.0,0.0,0.0,0.415055,0.0,0.0,0.0,0.0,0.0
111.0,0.45544225,0.516063,0.06546622,0.47331275,0.524041,0.02546997,0.03823339,0.10620385,0.01327548,0.03556745,0.0008,0.0,0.0,0.0,0.415299,0.0,0.0,0.0,0.0,0.0
112.0,0.49462625,0.509389,0.06406156,0.46739925,0.51152,0.02451577,0.03186115,0.10620385,0.01327548,0.03556745,0.0003,0.0,0.0,0.0,0.4138345,0.0,0.0,0.0,0.0,0.0
113.0,0.488339,0.499215,0.06222222,0.461528,0.502566,0.02448724,0.03186115,0.10620385,0.01327548,0.03556745,0.00015,0.0,0.0,0.0,0.411149,0.0,0.0,0.0,0.0,0.0
114.0,0.482059,0.490809,0.06098498,0.4559935,0.495417,0.02393243,0.03186115,0.10620385,0.01327548,0.03556745,5.0e-5,0.0,0.0,0.0,0.413552,0.0,0.0,0.0,0.0,0.0
115.0,0.4762955,0.481591,0.06002252,0.49474775,0.485626,0.02296321,0.03186115,0.10620385,0.0110629,0.03556745,0.0002,0.0,0.0,0.0,0.4170655,0.0,0.0,0.0,0.0,0.0
116.0,0.47012975,0.473456,0.05888138,0.4890635,0.475784,0.02229505,0.03186115,0.10620385,0.0110629,0.03556745,0.0007,0.0,0.0,0.0,0.4157435,0.0,0.0,0.0,0.0,0.0
117.0,0.46471375,0.46586,0.05725976,0.48280225,0.468479,0.02217643,0.03186115,0.10620385,0.0110629,0.03556745,0.0,0.0,0.0,0.0,0.414004,0.0,0.0,0.0,0.0,0.0
118.0,0.458426,0.456535,0.05661486,0.47723125,0.458437,0.0212988,0.03186115,0.10620385,0.0110629,0.03556745,0.0,0.0,0.0,0.0,0.4149005,0.0,0.0,0.0,0.0,0.0
119.0,0.452931,0.513863,0.05571697,0.47077875,0.520004,0.02127778,0.03186115,0.08850321,0.0110629,0.02963955,0.0001,0.0,0.0,0.0,0.412717,0.0,0.0,0.0,0.0,0.0
120.0,0.49155,0.506726,0.05356757,0.464476,0.508918,0.02045195,0.02655096,0.08850321,0.0110629,0.02963955,0.0,0.0,0.0,0.0,0.4131205,0.0,0.0,0.0,0.0,0.0
121.0,0.4848675,0.495919,0.05351126,0.45847925,0.498928,0.01990541,0.02655096,0.08850321,0.0110629,0.02963955,0.0001,0.0,0.0,0.0,0.4149065,0.0,0.0,0.0,0.0,0.0
122.0,0.47923025,0.487099,0.05286261,0.45261625,0.491675,0.01954505,0.02655096,0.08850321,0.0110629,0.02963955,0.0,0.0,0.0,0.0,0.4146365,0.0,0.0,0.0,0.0,0.0
123.0,0.4737045,0.47894,0.05083333,0.491723,0.481506,0.01881907,0.02655096,0.08850321,0.00921908,0.02963955,0.0,0.0,0.0,0.0,0.412102,0.0,0.0,0.0,0.0,0.0
124.0,0.46780075,0.470701,0.04961562,0.4851735,0.470326,0.01877778,0.02655096,0.08850321,0.00921908,0.02963955,0.0,0.0,0.0,0.0,0.406543,0.0,0.0,0.0,0.0,0.0
125.0,0.46161825,0.460934,0.0485503,0.47919375,0.461688,0.01791742,0.02655096,0.08850321,0.00921908,0.02963955,0.0,0.0,0.0,0.0,0.407787,0.0,0.0,0.0,0.0,0.0
126.0,0.455825,0.518785,0.04734234,0.47356325,0.453793,0.01785961,0.02655096,0.07375267,0.00921908,0.02963955,0.0,0.0,0.0,0.0,0.4114435,0.0,0.0,0.0,0.0,0.0
127.0,0.49482625,0.511102,0.04702778,0.4665115,0.513087,0.01748423,0.0221258,0.07375267,0.00921908,0.02469962,0.0,0.0,0.0,0.0,0.4099985,0.0,0.0,0.0,0.0,0.0
128.0,0.48833275,0.500781,0.04597898,0.46053675,0.505048,0.01701126,0.0221258,0.07375267,0.00921908,0.02469962,0.0,0.0,0.0,0.0,0.4086205,0.0,0.0,0.0,0.0,0.0
129.0,0.48237725,0.494032,0.04482658,0.45503375,0.495052,0.01645195,0.0221258,0.07375267,0.00921908,0.02469962,0.0,0.0,0.0,0.0,0.403868,0.0,0.0,0.0,0.0,0.0
130.0,0.47617075,0.482951,0.04401577,0.49457675,0.485212,0.0162027,0.0221258,0.07375267,0.00768257,0.02469962,0.0,0.0,0.0,0.0,0.412552,0.0,0.0,0.0,0.0,0.0
131.0,0.4710195,0.476492,0.04331907,0.4886245,0.477069,0.01590616,0.0221258,0.07375267,0.00768257,0.02469962,0.0,0.0,0.0,0.0,0.4151125,0.0,0.0,0.0,0.0,0.0
132.0,0.46488725,0.467818,0.04239264,0.48318875,0.468186,0.0158506,0.0221258,0.07375267,0.00768257,0.02469962,0.0,0.0,0.0,0.0,0.4172445,0.0,0.0,0.0,0.0,0.0
133.0,0.458694,0.458636,0.04139715,0.476903,0.459944,0.01534009,0.0221258,0.07375267,0.00768257,0.02469962,0.0,0.0,0.0,0.0,0.418154,0.0,0.0,0.0,0.0,0.0
134.0,0.45259525,0.515924,0.04072297,0.4707405,0.519947,0.01503529,0.0221258,0.06146056,0.00768257,0.02058302,0.0,0.0,0.0,0.0,0.420646,0.0,0.0,0.0,0.0,0.0
135.0,0.49147925,0.508772,0.04062462,0.46511525,0.512407,0.01453829,0.01843817,0.06146056,0.00768257,0.02058302,0.0,0.0,0.0,0.0,0.4201295,0.0,0.0,0.0,0.0,0.0
136.0,0.48516375,0.497328,0.03842868,0.4592795,0.502263,0.01434084,0.01843817,0.06146056,0.00768257,0.02058302,0.0,0.0,0.0,0.0,0.4180725,0.0,0.0,0.0,0.0,0.0
137.0,0.479413,0.489193,0.03799474,0.4535945,0.492454,0.01416141,0.01843817,0.06146056,0.00768257,0.02058302,0.0,0.0,0.0,0.0,0.418648,0.0,0.0,0.0,0.0,0.0
138.0,0.47294975,0.480067,0.03754655,0.492286,0.483482,0.01342492,0.01843817,0.06146056,0.00640214,0.02058302,0.0,0.0,0.0,0.0,0.4224145,0.0,0.0,0.0,0.0,0.0
139.0,0.46730125,0.470775,0.03618844,0.48556875,0.473723,0.01309159,0.01843817,0.06146056,0.00640214,0.02058302,0.0,0.0,0.0,0.0,0.415914,0.0,0.0,0.0,0.0,0.0
140.0,0.4620725,0.46191,0.03586261,0.479108,0.464509,0.01303153,0.01843817,0.06146056,0.00640214,0.02058302,0.0,0.0,0.0,0.0,0.414297,0.0,0.0,0.0,0.0,0.0
141.0,0.45526875,0.454949,0.03596096,0.47333175,0.455368,0.01262988,0.01843817,0.06146056,0.00640214,0.02058302,0.0,0.0,0.0,0.0,0.4167425,0.0,0.0,0.0,0.0,0.0
142.0,0.49439,0.513172,0.03470946,0.46722475,0.514922,0.01221772,0.01536514,0.05121713,0.00640214,0.01715251,0.0,0.0,0.0,0.0,0.417236,0.0,0.0,0.0,0.0,0.0
143.0,0.488103,0.502816,0.03393619,0.4619055,0.505098,0.01187763,0.01536514,0.05121713,0.00640214,0.01715251,0.0,0.0,0.0,0.0,0.413553,0.0,0.0,0.0,0.0,0.0
144.0,0.4819295,0.494787,0.0330991,0.45585725,0.49576,0.01193694,0.01536514,0.05121713,0.00640214,0.01715251,0.0,0.0,0.0,0.0,0.41713,0.0,0.0,0.0,0.0,0.0
145.0,0.476575,0.484681,0.03218243,0.494192,0.486379,0.01155706,0.01536514,0.05121713,0.00533512,0.01715251,0.0,0.0,0.0,0.0,0.4203605,0.0,0.0,0.0,0.0,0.0
146.0,0.47055175,0.476745,0.03206156,0.48873075,0.477472,0.01113138,0.01536514,0.05121713,0.00533512,0.01715251,0.0,0.0,0.0,0.0,0.4200765,0.0,0.0,0.0,0.0,0.0
147.0,0.46435725,0.467778,0.03108258,0.48302725,0.469961,0.01115165,0.01536514,0.05121713,0.00533512,0.01715251,0.0,0.0,0.0,0.0,0.423872,0.0,0.0,0.0,0.0,0.0
148.0,0.459574,0.459495,0.03117117,0.47685275,0.459866,0.01074474,0.01536514,0.05121713,0.00533512,0.01715251,0.0,0.0,0.0,0.0,0.421748,0.0,0.0,0.0,0.0,0.0
149.0,0.45323125,0.518878,0.03030405,0.470033,0.520289,0.0103979,0.01536514,0.04268095,0.00533512,0.01429376,0.0,0.0,0.0,0.0,0.4229475,0.0,0.0,0.0,0.0,0.0
150.0,0.490787,0.50881,0.02968093,0.4640855,0.510468,0.01026351,0.01280428,0.04268095,0.00533512,0.01429376,0.0,0.0,0.0,0.0,0.418606,0.0,0.0,0.0,0.0,0.0
151.0,0.485017,0.498865,0.02897598,0.45856875,0.50125,0.00996697,0.01280428,0.04268095,0.00533512,0.01429376,0.0,0.0,0.0,0.0,0.4236845,0.0,0.0,0.0,0.0,0.0
152.0,0.4792415,0.489267,0.02812162,0.45193325,0.48983,0.00956757,0.01280428,0.04268095,0.00533512,0.01429376,0.0,0.0,0.0,0.0,0.424025,0.0,0.0,0.0,0.0,0.0
153.0,0.473441,0.479244,0.0272455,0.491099,0.482282,0.00962613,0.01280428,0.04268095,0.00444593,0.01429376,0.0,0.0,0.0,0.0,0.4178845,0.0,0.0,0.0,0.0,0.0
154.0,0.46728,0.471564,0.02696171,0.48484925,0.473007,0.00933408,0.01280428,0.04268095,0.00444593,0.01429376,0.0,0.0,0.0,0.0,0.4208945,0.0,0.0,0.0,0.0,0.0
155.0,0.46123925,0.463874,0.02643844,0.47885425,0.463586,0.00902703,0.01280428,0.04268095,0.00444593,0.01429376,0.0,0.0,0.0,0.0,0.415906,0.0,0.0,0.0,0.0,0.0
156.0,0.45604625,0.455141,0.02551652,0.4726765,0.455303,0.00888288,0.01280428,0.04268095,0.00444593,0.01429376,0.0,0.0,0.0,0.0,0.4185205,0.0,0.0,0.0,0.0,0.0
157.0,0.494293,0.512874,0.0250518,0.4667725,0.514229,0.00848198,0.01067024,0.03556745,0.00444593,0.01191147,0.0,0.0,0.0,0.0,0.418361,0.0,0.0,0.0,0.0,0.0
158.0,0.4881905,0.502968,0.02464039,0.46059275,0.504546,0.00857958,0.01067024,0.03556745,0.00444593,0.01191147,0.0,0.0,0.0,0.0,0.4161115,0.0,0.0,0.0,0.0,0.0
159.0,0.4822795,0.493986,0.02393619,0.45501375,0.495114,0.00828078,0.01067024,0.03556745,0.00444593,0.01191147,0.0,0.0,0.0,0.0,0.4139965,0.0,0.0,0.0,0.0,0.0
160.0,0.4765735,0.485305,0.02336336,0.4935505,0.485011,0.00810586,0.01067024,0.03556745,0.00370494,0.01191147,0.0,0.0,0.0,0.0,0.4172365,0.0,0.0,0.0,0.0,0.0
161.0,0.4708225,0.47691,0.02284685,0.4875755,0.474976,0.00777778,0.01067024,0.03556745,0.00370494,0.01191147,0.0,0.0,0.0,0.0,0.412711,0.0,0.0,0.0,0.0,0.0
162.0,0.464552,0.468213,0.02280105,0.48118225,0.466901,0.00766742,0.01067024,0.03556745,0.00370494,0.01191147,0.0,0.0,0.0,0.0,0.416962,0.0,0.0,0.0,0.0,0.0
163.0,0.4583345,0.458235,0.02189264,0.4751485,0.456438,0.00746547,0.01067024,0.03556745,0.00370494,0.01191147,0.0,0.0,0.0,0.0,0.4146965,0.0,0.0,0.0,0.0,0.0
164.0,0.45281,0.517599,0.02174775,0.4687285,0.51609,0.00714114,0.01067024,0.02963955,0.00370494,0.00992622,0.0,0.0,0.0,0.0,0.41829,0.0,0.0,0.0,0.0,0.0
165.0,0.4903145,0.507347,0.02128679,0.46238875,0.506765,0.00701351,0.00889186,0.02963955,0.00370494,0.00992622,0.0,0.0,0.0,0.0,0.424034,0.0,0.0,0.0,0.0,0.0
166.0,0.48439725,0.500543,0.02100676,0.457494,0.498499,0.00701802,0.00889186,0.02963955,0.00370494,0.00992622,0.0,0.0,0.0,0.0,0.4179475,0.0,0.0,0.0,0.0,0.0
167.0,0.47844375,0.490885,0.02074399,0.496378,0.489191,0.00678453,0.00889186,0.02963955,0.00308745,0.00992622,0.0,0.0,0.0,0.0,0.415586,0.0,0.0,0.0,0.0,0.0
168.0,0.47291075,0.482305,0.02053679,0.48963825,0.481001,0.00663063,0.00889186,0.02963955,0.00308745,0.00992622,0.0,0.0,0.0,0.0,0.4173045,0.0,0.0,0.0,0.0,0.0
169.0,0.467165,0.474618,0.01997673,0.48414125,0.470793,0.0064527,0.00889186,0.02963955,0.00308745,0.00992622,0.0,0.0,0.0,0.0,0.4186635,0.0,0.0,0.0,0.0,0.0
170.0,0.461419,0.464899,0.01963138,0.47807475,0.462758,0.00630405,0.00889186,0.02963955,0.00308745,0.00992622,0.0,0.0,0.0,0.0,0.4188155,0.0,0.0,0.0,0.0,0.0
171.0,0.455899,0.457469,0.01921471,0.4720085,0.453765,0.00633108,0.00889186,0.02963955,0.00308745,0.00992622,0.0,0.0,0.0,0.0,0.410176,0.0,0.0,0.0,0.0,0.0
172.0,0.49408825,0.515155,0.01888288,0.46607675,0.511854,0.0061539,0.00740989,0.02469962,0.00308745,0.00827185,0.0,0.0,0.0,0.0,0.415232,0.0,0.0,0.0,0.0,0.0
173.0,0.48801175,0.50524,0.01834459,0.46008475,0.503552,0.00591291,0.00740989,0.02469962,0.00308745,0.00827185,0.0,0.0,0.0,0.0,0.417755,0.0,0.0,0.0,0.0,0.0
174.0,0.481871,0.495653,0.01810435,0.454476,0.49368,0.00588664,0.00740989,0.02469962,0.00308745,0.00827185,0.0,0.0,0.0,0.0,0.4216355,0.0,0.0,0.0,0.0,0.0
175.0,0.4758265,0.485931,0.01764264,0.49339175,0.484374,0.00571847,0.00740989,0.02469962,0.00257288,0.00827185,0.0,0.0,0.0,0.0,0.422018,0.0,0.0,0.0,0.0,0.0
176.0,0.47034575,0.477847,0.01709309,0.4873575,0.475416,0.00557132,0.00740989,0.02469962,0.00257288,0.00827185,0.0,0.0,0.0,0.0,0.4226265,0.0,0.0,0.0,0.0,0.0
177.0,0.46395325,0.469963,0.01703979,0.48080475,0.467372,0.00540541,0.00740989,0.02469962,0.00257288,0.00827185,0.0,0.0,0.0,0.0,0.423178,0.0,0.0,0.0,0.0,0.0
178.0,0.45852525,0.461349,0.01682883,0.47441475,0.458272,0.00528979,0.00740989,0.02469962,0.00257288,0.00827185,0.0,0.0,0.0,0.0,0.4258645,0.0,0.0,0.0,0.0,0.0
179.0,0.4523035,0.452379,0.01623574,0.469014,0.517674,0.00511637,0.00740989,0.02469962,0.00257288,0.00689321,0.0,0.0,0.0,0.0,0.4265005,0.0,0.0,0.0,0.0,0.0
180.0,0.4905245,0.510945,0.01633934,0.46257925,0.509001,0.0050976,0.00617491,0.02058302,0.00257288,0.00689321,0.0,0.0,0.0,0.0,0.4260855,0.0,0.0,0.0,0.0,0.0
181.0,0.48483125,0.500405,0.01576802,0.45695825,0.499173,0.00499474,0.00617491,0.02058302,0.00257288,0.00689321,0.0,0.0,0.0,0.0,0.422759,0.0,0.0,0.0,0.0,0.0
182.0,0.478319,0.492008,0.01558033,0.49538,0.490392,0.00482583,0.00617491,0.02058302,0.00214406,0.00689321,0.0,0.0,0.0,0.0,0.426261,0.0,0.0,0.0,0.0,0.0
183.0,0.47276125,0.48316,0.01503378,0.48946125,0.480348,0.00475601,0.00617491,0.02058302,0.00214406,0.00689321,0.0,0.0,0.0,0.0,0.428552,0.0,0.0,0.0,0.0,0.0
184.0,0.46775125,0.476604,0.01491216,0.483656,0.471563,0.00467868,0.00617491,0.02058302,0.00214406,0.00689321,0.0,0.0,0.0,0.0,0.4254655,0.0,0.0,0.0,0.0,0.0
185.0,0.4609835,0.466476,0.01468468,0.477154,0.462482,0.0045045,0.00617491,0.02058302,0.00214406,0.00689321,0.0,0.0,0.0,0.0,0.42725,0.0,0.0,0.0,0.0,0.0
186.0,0.45592225,0.458694,0.01419895,0.47169125,0.453616,0.00442342,0.00617491,0.02058302,0.00214406,0.00689321,0.0,0.0,0.0,0.0,0.427667,0.0,0.0,0.0,0.0,0.0
187.0,0.4933565,0.514911,0.01387838,0.465189,0.512815,0.00429129,0.00514575,0.01715251,0.00214406,0.00574434,0.0,0.0,0.0,0.0,0.430841,0.0,0.0,0.0,0.0,0.0
188.0,0.487928,0.506352,0.01384309,0.459637,0.504037,0.00426276,0.00514575,0.01715251,0.00214406,0.00574434,0.0,0.0,0.0,0.0,0.424211,0.0,0.0,0.0,0.0,0.0
189.0,0.48131375,0.496481,0.01361411,0.45353175,0.494763,0.00411411,0.00514575,0.01715251,0.00214406,0.00574434,0.0,0.0,0.0,0.0,0.4302705,0.0,0.0,0.0,0.0,0.0
190.0,0.475358,0.487636,0.01331682,0.4917175,0.484607,0.00399324,0.00514575,0.01715251,0.00178672,0.00574434,0.0,0.0,0.0,0.0,0.4282125,0.0,0.0,0.0,0.0,0.0
191.0,0.46954575,0.478866,0.01289715,0.4858955,0.476503,0.0039985,0.00514575,0.01715251,0.00178672,0.00574434,0.0,0.0,0.0,0.0,0.4349975,0.0,0.0,0.0,0.0,0.0
192.0,0.46438525,0.471153,0.0127027,0.47989,0.468046,0.00382883,0.00514575,0.01715251,0.00178672,0.00574434,0.0,0.0,0.0,0.0,0.433904,0.0,0.0,0.0,0.0,0.0
193.0,0.45865325,0.46178,0.01243018,0.47395625,0.45818,0.00366441,0.00514575,0.01715251,0.00178672,0.00574434,0.0,0.0,0.0,0.0,0.435499,0.0,0.0,0.0,0.0,0.0
194.0,0.452233,0.518495,0.01217192,0.467932,0.516816,0.00353453,0.00514575,0.01429376,0.00178672,0.00478695,0.0,0.0,0.0,0.0,0.433064,0.0,0.0,0.0,0.0,0.0
195.0,0.4903305,0.512323,0.01187162,0.4622065,0.508696,0.00353904,0.00428813,0.01429376,0.00178672,0.00478695,0.0,0.0,0.0,0.0,0.4345155,0.0,0.0,0.0,0.0,0.0
196.0,0.48408775,0.50064,0.01175375,0.4558565,0.498847,0.00354429,0.00428813,0.01429376,0.00178672,0.00478695,0.0,0.0,0.0,0.0,0.4388995,0.0,0.0,0.0,0.0,0.0
197.0,0.47853125,0.493718,0.01158709,0.49446475,0.489039,0.00338739,0.00428813,0.01429376,0.00148893,0.00478695,0.0,0.0,0.0,0.0,0.4305635,0.0,0.0,0.0,0.0,0.0
198.0,0.472609,0.484532,0.01139489,0.488671,0.479863,0.00332583,0.00428813,0.01429376,0.00148893,0.00478695,0.0,0.0,0.0,0.0,0.4338115,0.0,0.0,0.0,0.0,0.0
199.0,0.466714,0.475341,0.01101051,0.48209875,0.469885,0.00325526,0.00428813,0.01429376,0.00148893,0.00478695,0.0,0.0,0.0,0.0,0.4405075,0.0,0.0,0.0,0.0,0.0
200.0,0.46053425,0.466133,0.01097898,0.476066,0.460836,0.00310811,0.00428813,0.01429376,0.00148893,0.00478695,0.0,0.0,0.0,0.0,0.436876,0.0,0.0,0.0,0.0,0.0
0.0,0.45037848,0.48513884,0.03052979,0.46709341,0.4864746,0.0107327,0.01593058,0.04756845,0.00553145,0.01593058,0.0,0.0,0.0,0.0,0.0,0.0,0.0,0.0,0.0,0.0
