omega,S
0.0,0.0006765695800765696
0.01,0.0006372823327524252
0.02,0.0005992269412792498
0.03,0.0005395553191325932
0.04,0.0005438254391531551
0.05,0.0004948759558593741
0.06,0.0004365406266686401
0.07,0.0003904914814751808
0.08,0.00035066836320608917
0.09,0.0003315660657733901
0.1,0.0002302951540303545
0.11,0.00020407753888651353
0.12,0.000177189963947714
0.13,0.00013915497391661739
0.14,0.00012335267970355884
0.15,9.28993328359327e-5
0.16,7.920636522680476e-5
0.17,6.562912497549747e-5
0.18,6.347731619071218e-5
0.19,5.9182989047344855e-5
0.2,5.89376667984881e-5
0.21,5.7320810125103245e-5
0.22,5.7560021773746446e-5
0.23,4.716647212330763e-5
0.24,3.813659997131478e-5
0.25,3.7768271709060384e-5
0.26,3.304523422151661e-5
0.27,2.9849582387801716e-5
0.28,2.51302683920162e-5
0.29,2.6628452787271957e-5
0.3,2.6880424282937068e-5
0.31,2.364127325484693e-5
0.32,2.2762875387212615e-5
0.33,2.386628295399635e-5
0.34,2.0948930299854496e-5
0.35000000000000003,2.13264735474701e-5
0.36,2.288978643497853e-5
0.37,2.2658186852406654e-5
0.38,2.3517705568468186e-5
0.39,2.3414690888532443e-5
0.4,2.2647274298129476e-5
0.41000000000000003,2.2403800151048035e-5
0.42,2.3934205832998047e-5
0.43,2.536851287350586e-5
0.44,2.156108839930486e-5
0.45,2.4423443892176844e-5
0.46,2.4812298130285167e-5
0.47000000000000003,2.5998700919550764e-5
0.48,2.8802875069389945e-5
0.49,3.364715229818764e-5
0.5,3.319983620611572e-5
0.51,3.192445816334087e-5
0.52,3.3315117448049105e-5
0.53,3.1521850478221585e-5
0.54,3.458798600907834e-5
0.55,3.430865180423487e-5
0.56,3.881944429759873e-5
0.5700000000000001,3.920547137773464e-5
0.58,4.340749089816335e-5
0.59,4.3729869553128945e-5
0.6,4.6349033322014594e-5
0.61,4.735612167920242e-5
0.62,5.468453291706604e-5
0.63,5.8184823263162425e-5
0.64,5.697356020194209e-5
0.65,6.45921530045153e-5
0.66,7.053227758114154e-5
0.67,7.091509573344917e-5
0.68,7.787805405229529e-5
0.6900000000000001,7.386924050183133e-5
0.7000000000000001,7.96021728728342e-5
0.71,9.020289680663004e-5
0.72,9.427157018307729e-5
0.73,0.00010443755876216523
0.74,0.00010690134728044603
0.75,0.00012017474301332069
0.76,0.00013003344958505158
0.77,0.00013451478672973425
0.78,0.00014066354321228225
0.79,0.00016792525955241063
0.8,0.00017714608377428044
0.81,0.0001852476668133393
0.8200000000000001,0.00019534659098864018
0.8300000000000001,0.00021559795551263775
0.84,0.00024657792841116207
0.85,0.00026343716296611103
0.86,0.0002647455122940623
0.87,0.0002876619659994844
0.88,0.00032435436528183327
0.89,0.0003589890569158092
0.9,0.000399794793353675
0.91,0.0004442345830731866
0.92,0.0004727342860489573
0.93,0.0005492517492032353
0.9400000000000001,0.0005877003903859351
0.9500000000000001,0.0006594405994946073
0.96,0.0006846404304508318
0.97,0.0008133953657101717
0.98,0.0008714543360950801
0.99,0.0009711710318515975
1.0,0.001075307504648276
1.01,0.001164235034306966
1.02,0.0013665629471819084
1.03,0.0014902610023053294
1.04,0.0017724231071126033
1.05,0.001972621956578662
1.06,0.0022928252596213774
1.07,0.002424962635260166
1.08,0.002719571275914214
1.09,0.0031738840766950757
1.1,0.003402438014990758
1.11,0.004076892039838135
1.12,0.004665940019529122
1.1300000000000001,0.005525531387137949
1.1400000000000001,0.006466285879426245
1.1500000000000001,0.007283689247486441
1.16,0.008253694213424851
1.17,0.009558498778550775
1.18,0.010930518297349015
1.19,0.013634245757272371
1.2,0.015463848503626657
1.21,0.01792039936492376
1.22,0.020935121622611613
1.23,0.02444473927300861
1.24,0.028806000073024293
1.25,0.03498880488742806
1.26,0.04307512907491563
1.27,0.052665826560462696
1.28,0.0633465356270024
1.29,0.08040256906895044
1.3,0.10537620111581311
1.31,0.13098880269385607
1.32,0.15599461793090383
1.33,0.20249642107755014
1.34,0.2530683413515037
1.35,0.3076478971224796
1.36,0.3733027729875867
1.37,0.48541662713559935
1.3800000000000001,0.6180170312600844
1.3900000000000001,0.7684501709286969
1.4000000000000001,0.9174402181830181
1.41,1.165038671905524
1.42,1.424765116820139
1.43,1.7034334115506162
1.44,1.993356955736128
1.45,2.144221914597035
1.46,2.509641527609473
1.47,2.499327461557371
1.48,2.5838618655559085
1.49,2.8114249572793195
1.5,2.6183886280254316
1.51,2.513565596260631
1.52,2.47631814780444
1.53,2.022499933547824
1.54,1.9830967637674741
1.55,1.7546738655910838
1.56,1.5150552546800025
1.57,1.3638587514283644
1.58,1.1499795247795435
1.59,0.9608589600012859
1.6,0.8578173389080207
1.61,0.7534239641337724
1.62,0.6936623394050503
1.6300000000000001,0.651245423535154
1.6400000000000001,0.6143466450618944
1.6500000000000001,0.5492479296868028
1.6600000000000001,0.4708324412893314
1.67,0.4164442044700948
1.68,0.3922486426603653
1.69,0.34788475341334707
1.7,0.3446713230460711
1.71,0.3006133750391691
1.72,0.27523411337093057
1.73,0.27856105712682133
1.74,0.25849898666876425
1.75,0.2415586538792181
1.76,0.23970108611813576
1.77,0.22878472764947802
1.78,0.21728718550585194
1.79,0.20924426367016363
1.8,0.19537318763726017
1.81,0.19215467730540997
1.82,0.1796245461339529
1.83,0.17324977473459816
1.84,0.17320662893793165
1.85,0.16836315077758754
1.86,0.15725846319507877
1.87,0.1512280914748305
1.8800000000000001,0.1549729424021561
1.8900000000000001,0.15461483230770826
1.9000000000000001,0.15477329698242503
1.9100000000000001,0.14984960799960914
1.92,0.14681273829604738
1.93,0.1414670280325094
1.94,0.14554441624306058
1.95,0.14558945748782706
1.96,0.14349139248252704
1.97,0.1354669583788914
1.98,0.13604873766968226
1.99,0.13351573738418676
2.0,0.13323151200525263
2.0100000000000002,0.13370652171739988
2.02,0.13497925747082604
2.0300000000000002,0.13411774844851643
2.04,0.1397997309807386
2.05,0.13512383917890475
2.06,0.13721052553251906
2.07,0.1365509938746909
2.08,0.13684109672513203
2.09,0.13968553346286428
2.1,0.13927627763857264
2.11,0.13792501040171776
2.12,0.14130183762921975
2.13,0.14173320122491556
2.14,0.1427067459354977
2.15,0.14517431289891614
2.16,0.14514305430784713
2.17,0.14916202334056072
2.18,0.14750546971246392
2.19,0.1511182460870092
2.2,0.1525255630346055
2.21,0.16057286060512552
2.22,0.16054159556251177
2.23,0.16459577471779357
2.24,0.17800856396562714
2.25,0.1752508395449226
2.2600000000000002,0.17700807411978514
2.27,0.17743926455085013
2.2800000000000002,0.18191921685373677
2.29,0.18149302944025997
2.3000000000000003,0.18356466205850389
2.31,0.19056050291192708
2.32,0.1982481826081388
2.33,0.19760035776627852
2.34,0.2088363229670373
2.35,0.22124471904695028
2.36,0.21708565187884968
2.37,0.22940872559355674
2.38,0.23246996242335122
2.39,0.2399377578849959
2.4,0.23824515336102453
2.41,0.2560768624916558
2.42,0.2510249261419107
2.43,0.2572585372362738
2.44,0.2734578581611597
2.45,0.288808891259975
2.46,0.28232399911791384
2.47,0.2934429383506091
2.48,0.3104728125633499
2.49,0.3153487513739478
2.5,0.325407377808081
2.5100000000000002,0.3369170222296129
2.52,0.3423491498364624
2.5300000000000002,0.35912585820739706
2.54,0.36693753813136276
2.5500000000000003,0.372398558628957
2.56,0.37733664265424055
2.57,0.3899843441573012
2.58,0.4028527380396668
2.59,0.4109656585615081
2.6,0.43513988418304134
2.61,0.43237951627861154
2.62,0.45832988447670037
2.63,0.4736545568021679
2.64,0.4797840798018108
2.65,0.4888271143724933
2.66,0.5122214956820428
2.67,0.5220894957222805
2.68,0.5489954559080716
2.69,0.5565870329961942
2.7,0.5690974293946102
2.71,0.5854700230334403
2.72,0.575009810971224
2.73,0.5863030783493964
2.74,0.5996398090276568
2.75,0.6124566482753905
2.7600000000000002,0.619205713515958
2.77,0.6104161456914542
2.7800000000000002,0.611201213578185
2.79,0.6090188512604511
2.8000000000000003,0.6264435802078671
2.81,0.6246380608528869
2.82,0.6291743701397677
2.83,0.6537972000875361
2.84,0.6603364298365458
2.85,0.6487105972374129
2.86,0.6637349961790625
2.87,0.6468496759584184
2.88,0.654788414772665
2.89,0.6450064777904814
2.9,0.6504820256022323
2.91,0.6337258964201091
2.92,0.6239299316549889
2.93,0.6381754322675405
2.94,0.631537673628659
2.95,0.6414783676321647
2.96,0.6180446147065846
2.97,0.6163013850306667
2.98,0.6100272541835804
2.99,0.5928951097056065
3.0,0.583634363853761
3.0100000000000002,0.5639283025378676
3.02,0.5517910144947455
3.0300000000000002,0.5340829233530883
3.04,0.5235209583639151
3.0500000000000003,0.5261566417706209
3.06,0.5195168036414758
3.0700000000000003,0.5074439060687583
3.08,0.49012720900282897
3.09,0.4776345000994893
3.1,0.4702779670601568
3.11,0.45150379172476873
3.12,0.44822968212119463
3.13,0.43194123666330264
3.14,0.42508165909479995
3.15,0.4198004441461818
3.16,0.41300853483396205
3.17,0.39044992757358377
3.18,0.3920385262731797
3.19,0.3841845012216939
3.2,0.37139296542180533
3.21,0.36651313884811554
3.22,0.35655338387792884
3.23,0.3497293098423596
3.24,0.3308756663157833
3.25,0.32767810419459265
3.2600000000000002,0.32038140189960346
3.27,0.3113992789620431
3.2800000000000002,0.3029998083252054
3.29,0.29621725976953733
3.3000000000000003,0.29316479157072234
3.31,0.29004762248079696
3.3200000000000003,0.2819598074928701
3.33,0.2789356673651674
3.34,0.271274698385481
3.35,0.2594098310648609
3.36,0.25771595968934036
3.37,0.24721994451486676
3.38,0.23999533348616278
3.39,0.23940232876244258
3.4,0.23071884546877194
3.41,0.2260993299307682
3.42,0.2220415233090994
3.43,0.21638208593806832
3.44,0.21310156936220714
3.45,0.20494303349306423
3.46,0.19975175852353205
3.47,0.20252450076087494
3.48,0.19770374940257138
3.49,0.1945123790915259
3.5,0.18775403688130243
3.5100000000000002,0.18234713355108662
3.52,0.18149148073903082
3.5300000000000002,0.17675529706391452
3.54,0.1764171345335765
3.5500000000000003,0.1718406876693328
3.56,0.1661592480979535
3.5700000000000003,0.166203235274286
3.58,0.1622329344350662
3.59,0.15805351523545197
3.6,0.15722576388699444
3.61,0.15281896346575846
3.62,0.15353648488984206
3.63,0.1505258607170607
3.64,0.14848923473944847
3.65,0.1451679449190462
3.66,0.14402193701307803
3.67,0.1390094655347581
3.68,0.14274803047164125
3.69,0.1364519152694407
3.7,0.13371090286201856
3.71,0.13583337691539948
3.72,0.12907881581666927
3.73,0.12660089630411264
3.74,0.12887091498043587
3.75,0.12523876181778734
3.7600000000000002,0.12522916992791808
3.77,0.12350361924372301
3.7800000000000002,0.12096826398695401
3.79,0.12087839113531004
3.8000000000000003,0.118258121272837
3.81,0.11745089089030496
3.8200000000000003,0.11624497602186708
3.83,0.11372721470441662
3.84,0.11282651561189916
3.85,0.11241557202002532
3.86,0.11423217743571847
3.87,0.11314236971233285
3.88,0.10951618473595696
3.89,0.10925874999900795
3.9,0.10658458738547544
3.91,0.1053509839629913
3.92,0.10495274127853002
3.93,0.10345553985563626
3.94,0.10427616652731592
3.95,0.10277190573503954
3.96,0.09985352147510262
3.97,0.10072400836396765
3.98,0.09997485174199928
3.99,0.09843976647324883
4.0,0.10136108869264006
4.01,0.09857644640880445
4.0200000000000005,0.09809373520780221
4.03,0.09738440297541424
4.04,0.09794444561355595
4.05,0.09743090070685217
4.0600000000000005,0.09758459554146948
4.07,0.09763725956423792
4.08,0.09659500043100613
4.09,0.09642015819281566
4.1,0.09617654187589547
4.11,0.09322815881817642
4.12,0.09537827263970024
4.13,0.09250404581341891
4.14,0.09564753289326085
4.15,0.09264616830924575
4.16,0.09353081625691628
4.17,0.09487272153674
4.18,0.09318361744298613
4.19,0.09336012151732352
4.2,0.09157603136734238
4.21,0.09183528243845221
4.22,0.09325770556690498
4.23,0.09145104487756495
4.24,0.0925293977717242
4.25,0.0924926182283574
4.26,0.0911333024876263
4.2700000000000005,0.09281464379821219
4.28,0.09277520185168112
4.29,0.09116476560234188
4.3,0.09132179660131777
4.3100000000000005,0.0930294474588187
4.32,0.09355588924468451
4.33,0.09238498454752068
4.34,0.09220744783439737
4.3500000000000005,0.0936659320528749
4.36,0.09141788439413336
4.37,0.09278825841963913
4.38,0.09279391142266188
4.39,0.09357357252384746
4.4,0.09418942911465861
4.41,0.09408782555249476
4.42,0.09633966370705004
4.43,0.09606972637763643
4.44,0.09462249654094715
4.45,0.09556397015680179
4.46,0.09502423262838285
4.47,0.09481415762568837
4.48,0.09525508776577518
4.49,0.09615449115369601
4.5,0.09799582905934619
4.51,0.096260922485771
4.5200000000000005,0.0993199557702695
4.53,0.09755890759200851
4.54,0.0978229622992838
4.55,0.0996595583935522
4.5600000000000005,0.09802958713023409
4.57,0.09761513636979811
4.58,0.10184337300689451
4.59,0.10100002724745907
4.6000000000000005,0.10144022250998608
4.61,0.1010072410799519
4.62,0.10187610666314813
4.63,0.10213474417173535
4.64,0.10289104366899822
4.65,0.10264485283808174
4.66,0.10672641821634399
4.67,0.10431104625501235
4.68,0.10740879605195443
4.69,0.10930738807985535
4.7,0.10949439228811272
4.71,0.11021868022679086
4.72,0.11055666862316739
4.73,0.11006860323461586
4.74,0.11153405991138346
4.75,0.11381842884356444
4.76,0.1152794524886552
4.7700000000000005,0.11626561433449137
4.78,0.11428718612589554
4.79,0.11630458605847883
4.8,0.11495484353445368
4.8100000000000005,0.11659220565779684
4.82,0.11868619497890154
4.83,0.11949469293203115
4.84,0.11860516741024262
4.8500000000000005,0.12077699504543293
4.86,0.1216617896802944
4.87,0.12454865580394808
4.88,0.12657971840869944
4.89,0.12850344414299483
4.9,0.12906949247328048
4.91,0.13036522437021797
4.92,0.13534864911854244
4.93,0.13572761169325126
4.94,0.1370381771617998
4.95,0.1355335229859779
4.96,0.13649523028271351
4.97,0.13842607993323428
4.98,0.13997783225878171
4.99,0.1409621134976931
5.0,0.14447153116463993
5.01,0.14361589869202593
5.0200000000000005,0.1451997503524279
5.03,0.14056625879111803
5.04,0.14622378746530545
5.05,0.14793463360190634
5.0600000000000005,0.15080881487968548
5.07,0.14872740155929506
5.08,0.1533540212310392
5.09,0.15454140177176182
5.1000000000000005,0.15840172370998057
5.11,0.1601165147451776
5.12,0.1598074015965356
5.13,0.1600207220976441
5.14,0.1647913398919685
5.15,0.16656401326214534
5.16,0.1676794820373368
5.17,0.17112251335741618
5.18,0.16815141670281186
5.19,0.17535719526832325
5.2,0.1708062210996071
5.21,0.17501437509329792
5.22,0.17511745859702105
5.23,0.17888697603980078
5.24,0.1828013386101566
5.25,0.18119579130664465
5.26,0.183797736447974
5.2700000000000005,0.1872665523380188
5.28,0.18904538785858885
5.29,0.19004453721126052
5.3,0.1931834633697929
5.3100000000000005,0.19782075011324216
5.32,0.19803460407188747
5.33,0.197926623311623
5.34,0.19778963155275114
5.3500000000000005,0.19963026291559707
5.36,0.20343455197593174
5.37,0.20134272549534368
5.38,0.20754222259687785
5.39,0.20633758643955566
5.4,0.2114918753316959
5.41,0.20898608491570803
5.42,0.21104790106521357
5.43,0.21061489250205276
5.44,0.21511067136990472
5.45,0.21790979297598578
5.46,0.21564805653469352
5.47,0.21621247130642463
5.48,0.21763191160352416
5.49,0.221907140529907
5.5,0.2188098802543141
5.51,0.22632331692247007
5.5200000000000005,0.2275751020119289
5.53,0.22491291632919463
5.54,0.22570885376810124
5.55,0.22821688592743902
5.5600000000000005,0.2281888490548052
5.57,0.23771988451143636
5.58,0.22997931595423482
5.59,0.23213259693118257
5.6000000000000005,0.23314524954965932
5.61,0.2323913682027865
5.62,0.22691684350884136
5.63,0.2343190005333828
5.64,0.23711866347909338
5.65,0.23155025899067475
5.66,0.23787690435054787
5.67,0.23404042626957952
5.68,0.23686008122025778
5.69,0.2341282866424972
5.7,0.2324194428394463
5.71,0.2312817491633971
5.72,0.22775534826385635
5.73,0.22643077283566937
5.74,0.22654150700522457
5.75,0.22836757913806952
5.76,0.2240590926570855
5.7700000000000005,0.2258270593108952
5.78,0.2245562293651796
5.79,0.22223757111904324
5.8,0.2266226728738793
5.8100000000000005,0.22176218912826695
5.82,0.21922974767643774
5.83,0.2180439633934327
5.84,0.21538277334169237
5.8500000000000005,0.21877751074369922
5.86,0.2143518971958859
5.87,0.21483619376161722
5.88,0.21080378646176234
5.89,0.21171725943881003
5.9,0.210744441529696
5.91,0.21191333266106036
5.92,0.2082697758160476
5.93,0.2061925155205359
5.94,0.20526066171814775
5.95,0.2044416987987931
5.96,0.20341569720413535
5.97,0.20091094372202867
5.98,0.19845424779886878
5.99,0.19436264479676274
6.0,0.1938674739002316
6.01,0.18829046915085995
6.0200000000000005,0.1854403877344163
6.03,0.1808852714782483
6.04,0.18055795237402283
6.05,0.18214835251121136
6.0600000000000005,0.17743047953356095
6.07,0.17432933024087735
6.08,0.1731268437851734
6.09,0.16926823159733456
6.1000000000000005,0.1681455315056801
6.11,0.16829529155208095
6.12,0.16293623489462788
6.13,0.1590120738807013
6.140000000000001,0.15704546319701673
6.15,0.15483429308932714
6.16,0.15195758133895226
6.17,0.15080594954655016
6.18,0.1476336292109601
6.19,0.1428326693119853
6.2,0.14334039341886984
6.21,0.1394747549371199
6.22,0.13975318873259554
6.23,0.13651436723924004
6.24,0.1361661397836824
6.25,0.1338933231398382
6.26,0.1302037431245721
6.2700000000000005,0.1279334060793881
6.28,0.1252552641529172
6.29,0.12289754825852
6.3,0.12123563263643337
6.3100000000000005,0.11902929574286282
6.32,0.11600289038945134
6.33,0.11670272230397119
6.34,0.1147708476430992
6.3500000000000005,0.1105146242504422
6.36,0.10836231091162934
6.37,0.10561366362515613
6.38,0.10319866948717209
6.390000000000001,0.10232312021971358
6.4,0.10074121995187284
6.41,0.09775267997912358
6.42,0.09578766502305261
6.43,0.09278405772199982
6.44,0.09288627064022631
6.45,0.08987610345656281
6.46,0.08913823430939145
6.47,0.08706649846322238
6.48,0.08486284475731623
6.49,0.08307313375454689
6.5,0.08237155891712722
6.51,0.08227769981698455
6.5200000000000005,0.08089587772829328
6.53,0.07804761089097313
6.54,0.07720112742589097
6.55,0.07575659502513338
6.5600000000000005,0.07497084954377714
6.57,0.0726950026278277
6.58,0.07133330039865661
6.59,0.0695734537897792
6.6000000000000005,0.07053706871668201
6.61,0.06730892160501659
6.62,0.0650302070668996
6.63,0.06576724033948778
6.640000000000001,0.06391739207825085
6.65,0.0629839951356432
6.66,0.06051733967596843
6.67,0.05965601063965949
6.68,0.058236318536553686
6.69,0.05756377333784782
6.7,0.0562027978696805
6.71,0.055021908131063016
6.72,0.05381401145793292
6.73,0.0530303279764345
6.74,0.05184891529941642
6.75,0.05044065786085774
6.76,0.050220933098034784
6.7700000000000005,0.04966193793746927
6.78,0.04813203203761133
6.79,0.04769917635385142
6.8,0.04668525033300345
6.8100000000000005,0.045597589803465136
6.82,0.04453795853932465
6.83,0.043201729074125506
6.84,0.04289782610128669
6.8500000000000005,0.041768549541865194
6.86,0.04092652049248916
6.87,0.0401828187503715
6.88,0.040390378032532974
6.890000000000001,0.03913038847808349
6.9,0.03835644807586202
6.91,0.038674650463097066
6.92,0.03697445985470879
6.93,0.036345698662427
6.94,0.03543253126340564
6.95,0.03517108700953845
6.96,0.03436684430024228
6.97,0.03377946378798321
6.98,0.033177987886597184
6.99,0.03239137114973243
7.0,0.032114489383038326
7.01,0.031206197059532325
7.0200000000000005,0.030696995918501068
7.03,0.030375586286754457
7.04,0.029499885668346174
7.05,0.02920354967581557
7.0600000000000005,0.029096880649250093
7.07,0.028043775744260188
7.08,0.027746820450050027
7.09,0.026764923327345463
7.1000000000000005,0.026307816800866465
7.11,0.02623842415103736
7.12,0.025906246770563163
7.13,0.025641079444636634
7.140000000000001,0.02466002076660494
7.15,0.024560474937904076
7.16,0.024066094792123884
7.17,0.02377591316347517
7.18,0.022688642460093666
7.19,0.02298150386659125
7.2,0.022473392501999173
7.21,0.021883982103862637
7.22,0.022109513926348627
7.23,0.021345858718276503
7.24,0.020679771498331702
7.25,0.020604793169498144
7.26,0.020108726797888166
7.2700000000000005,0.019529080012290784
7.28,0.01985489763687058
7.29,0.01915837968543962
7.3,0.01872481144078201
7.3100000000000005,0.018674202095320065
7.32,0.0180924968065578
7.33,0.017629993383170877
7.34,0.01741307215011304
7.3500000000000005,0.017366931731710146
7.36,0.0172026649341797
7.37,0.016308393301080647
7.38,0.016537180079768808
7.390000000000001,0.016068493073738307
7.4,0.015699014839478775
7.41,0.015731487355772258
7.42,0.015097752069767224
7.43,0.015190142329590579
7.44,0.014603899334860164
7.45,0.014534979720944481
7.46,0.014240484816403913
7.47,0.014208863718981456
7.48,0.013807149668550863
7.49,0.013834247831691154
7.5,0.013275151748179023
7.51,0.012988399187238379
7.5200000000000005,0.01285146149376265
7.53,0.012736068885504133
7.54,0.012422843591763953
7.55,0.012048696377056505
7.5600000000000005,0.011849931883935114
7.57,0.011665885753735866
7.58,0.011580764465925373
7.59,0.011494476092898895
7.6000000000000005,0.011178439523246719
7.61,0.011186349732245273
7.62,0.010951544751756923
7.63,0.010759805884330575
7.640000000000001,0.010513226445692527
7.65,0.010442471871002381
7.66,0.010116315198018679
7.67,0.009976586365030652
7.68,0.010062006680565809
7.69,0.009757052882702025
7.7,0.009736068166925394
7.71,0.009577449768069589
7.72,0.009415154574531244
7.73,0.009225791763666176
7.74,0.009148023321200661
7.75,0.009053901395894808
7.76,0.008783549114168933
7.7700000000000005,0.008618623788667078
7.78,0.008504767780201896
7.79,0.00834568004323196
7.8,0.008231463016670838
7.8100000000000005,0.008117616608855792
7.82,0.008190895548019382
7.83,0.007937458105456652
7.84,0.007800354764583783
7.8500000000000005,0.00769664152317019
7.86,0.007560354267434201
7.87,0.007401482910712979
7.88,0.007398562297002261
7.890000000000001,0.007491004241889918
7.9,0.007281754130432794
7.91,0.006999336755018579
7.92,0.00706566051308246
7.930000000000001,0.006854426288874417
7.94,0.006932934911740445
7.95,0.0067235266002620515
7.96,0.00660819968551641
7.97,0.006487128258715749
7.98,0.0064198554359834945
7.99,0.006218630527509833
8.0,0.006283292140739294
8.01,0.006080137015651423
8.02,0.005970644268954525
8.03,0.0059677231711682535
8.040000000000001,0.0058039931028294025
8.05,0.005858203884709521
8.06,0.005832955984283059
8.07,0.005732980205431602
8.08,0.005525810132130974
8.09,0.005556399590003425
8.1,0.005436133183945264
8.11,0.005384753561260698
8.120000000000001,0.005313516880715658
8.13,0.005369075227557101
8.14,0.005201854893899311
8.15,0.0050676816749299185
8.16,0.005086898486384875
8.17,0.004907260748257507
8.18,0.004909436288259608
8.19,0.004806718107133132
8.2,0.004803667832766347
8.21,0.004620581390066785
8.22,0.004524297886391263
8.23,0.00453196186633287
8.24,0.004533146114862294
8.25,0.004429037556540576
8.26,0.0043566022853624995
8.27,0.004427952849569563
8.28,0.004315292752623078
8.290000000000001,0.004215915154409711
8.3,0.004192246967822374
8.31,0.004153652944228861
8.32,0.003962161319046052
8.33,0.003991182081890718
8.34,0.00401314585383454
8.35,0.003878372049994561
8.36,0.003913110415170659
8.370000000000001,0.0038358212269173743
8.38,0.0037028900300808488
8.39,0.003737167750148266
8.4,0.0036306075855714196
8.41,0.003642521922197922
8.42,0.00358502532308234
8.43,0.0035367616736041245
8.44,0.0035135584155811528
8.45,0.0034386598746620517
8.46,0.0033839338469260063
8.47,0.0033369489624257447
8.48,0.003314562692811045
8.49,0.0033401499287113398
8.5,0.0032493833197230785
8.51,0.0032300978895368885
8.52,0.0032409595698580937
8.53,0.0031521054582683253
8.540000000000001,0.0031184687389506256
8.55,0.0031088414555905924
8.56,0.0029707989182164106
8.57,0.00302831386172581
8.58,0.0029319476580431988
8.59,0.002886234462051681
8.6,0.002879171342079839
8.61,0.002848187469873089
8.620000000000001,0.002878189676790543
8.63,0.002780343645869886
8.64,0.00275938612672257
8.65,0.0027302490432688595
8.66,0.0027183773106322644
8.67,0.0027163992029460332
8.68,0.002589704454488175
8.69,0.002617550742997377
8.700000000000001,0.002585969963477893
8.71,0.0025031913908420433
8.72,0.002555479336382564
8.73,0.002477853230644858
8.74,0.002460505176617914
8.75,0.0024738708758862476
8.76,0.002404943663916251
8.77,0.0023361703552244686
8.78,0.0023484458947869544
8.790000000000001,0.002251185273985699
8.8,0.002283556172124694
8.81,0.00229033822186586
8.82,0.0022610961798062833
8.83,0.002256587601980217
8.84,0.002183306006965582
8.85,0.002271943041961931
8.86,0.0022048224898476797
8.870000000000001,0.0021305857243917414
8.88,0.002155367623101102
8.89,0.002101320306522389
8.9,0.0020858371460666693
8.91,0.002091957908874067
8.92,0.0020409097898199703
8.93,0.002055393861095995
8.94,0.0019691495411252907
8.950000000000001,0.0020254021041934255
8.96,0.0019487136306872129
8.97,0.00199655678113216
8.98,0.00192554767986297
8.99,0.0018773337520730116
9.0,0.0018464308642058263
9.01,0.0018138963055496357
9.02,0.0018053350879075392
9.03,0.001798765376665055
9.040000000000001,0.001769702688540411
9.05,0.0017828819433191282
9.06,0.0017389354189851463
9.07,0.0017906711850734875
9.08,0.0017252125837414233
9.09,0.0016876526464635164
9.1,0.0017137845977443686
9.11,0.0016075795065766138
9.120000000000001,0.0016632148762543053
9.13,0.0016293477954988185
9.14,0.0016129859043329986
9.15,0.0015867191457022835
9.16,0.0015901323200148204
9.17,0.0015795721093506182
9.18,0.001569702796599106
9.19,0.001488969346211801
9.200000000000001,0.0015110378550213857
9.21,0.001515257211711143
9.22,0.0014987646758200398
9.23,0.0014670743192250618
9.24,0.0014812891665164374
9.25,0.0014723987286364443
9.26,0.0014032171301735696
9.27,0.0014462108035681281
9.28,0.0014778277633955823
9.290000000000001,0.001446753541510727
9.3,0.001374964352465412
9.31,0.001388808297374118
9.32,0.0013848326657324025
9.33,0.0013287795073576108
9.34,0.0013466710044936323
9.35,0.0013287980999214543
9.36,0.0013088107341582746
9.370000000000001,0.001324446883845489
9.38,0.0012820416256347587
9.39,0.0012948218481360274
9.4,0.0012983903274951536
9.41,0.001283683164391298
9.42,0.001259331007849283
9.43,0.0012545035313252862
9.44,0.0012325427447823362
9.450000000000001,0.0012197444961414804
9.46,0.0011906126619670144
9.47,0.001208547165575947
9.48,0.001181305951177134
9.49,0.0012132990814387346
9.5,0.001210254284846736
9.51,0.001198773432886944
9.52,0.001172129323382385
9.53,0.0011722168473059164
9.540000000000001,0.0012013851188021941
9.55,0.001109673655397978
9.56,0.0011424561638684854
9.57,0.0011563638351757418
9.58,0.0011234305846439011
9.59,0.0010871218843053825
9.6,0.0010776968531368602
9.61,0.001051126643044855
9.620000000000001,0.0010830532683931502
9.63,0.0010538202424397293
9.64,0.001083223180813325
9.65,0.0010328054572324925
9.66,0.0010114244603042298
9.67,0.0010389842006662733
9.68,0.000987377827278953
9.69,0.0010454639945436037
9.700000000000001,0.0010215694857817243
9.71,0.0009659369489245071
9.72,0.0009600544584237537
9.73,0.000976497919630332
9.74,0.0009973087678559883
9.75,0.000958430408373475
9.76,0.0009661127293111028
9.77,0.0009119346197715992
9.78,0.0009313659562668756
9.790000000000001,0.0009282829627851487
9.8,0.0009468325029800246
9.81,0.000921140482444316
9.82,0.0009107863275124213
9.83,0.0009172358822741507
9.84,0.00086615060709574
9.85,0.0008947275594171553
9.86,0.0008809567535550933
9.870000000000001,0.0008673450204221809
9.88,0.0008858433085350476
9.89,0.0008868430868648039
9.9,0.0008347789073104141
9.91,0.0008466459271116438
9.92,0.0008499230717936167
9.93,0.0008241504191378897
9.94,0.0008144120877182431
9.950000000000001,0.0008305754833601294
9.96,0.0008404406208697896
9.97,0.0008036788025889992
9.98,0.0007515832535786148
9.99,0.0008017321021868346
10.0,0.0007956701054335257
10.01,0.0007687898280774577
10.02,0.0007482182617615821
10.03,0.0007701407643733246
10.040000000000001,0.0007950995772289184
10.05,0.0007715310385707402
10.06,0.0007325532245468074
10.07,0.0007542811863987134
10.08,0.0007309606081930849
10.09,0.0007344398289554401
10.1,0.0007160780603773354
10.11,0.0007302662661497514
10.120000000000001,0.0007173468199053759
10.13,0.0007448552382319499
10.14,0.0007131629520396043
10.15,0.0007087917566202717
10.16,0.0007042093724044388
10.17,0.0006999022059122992
10.18,0.0007057610322343599
10.19,0.0006889753536610189
10.200000000000001,0.0006941923766035641
10.21,0.0006841945791770235
10.22,0.0006612173752945017
10.23,0.0006725118965087622
10.24,0.0006629611040495487
10.25,0.0006585215295298247
10.26,0.000678907480289493
10.27,0.0006743639528072779
10.28,0.0006454737348011016
10.290000000000001,0.0006529738596196663
10.3,0.0006404998826087176
10.31,0.0006378472384692839
10.32,0.0006485971628720246
10.33,0.0006464763539530291
10.34,0.0006303239294933743
10.35,0.0006212836838678103
10.36,0.0006480371259680425
10.370000000000001,0.000614880420270571
10.38,0.0006280096745147407
10.39,0.0006094479558221091
10.4,0.0006258840179524538
10.41,0.000590370373618814
10.42,0.000597055426740578
10.43,0.0005840386919828032
10.44,0.0005896959436740398
10.450000000000001,0.000612979706488397
10.46,0.0006287565360233631
10.47,0.0005945082557588301
10.48,0.0005994867044322062
10.49,0.0005781239256120958
10.5,0.0005984965887032079
10.51,0.0005439386940557992
10.52,0.0005720627970174938
10.53,0.0005620658633277478
10.540000000000001,0.0005419281148554718
10.55,0.0005554679744346242
10.56,0.0005509576775763131
10.57,0.0005646553004061781
10.58,0.0005714674490912251
10.59,0.0005488587792556743
10.6,0.000561690233020835
10.61,0.0005513576191702905
10.620000000000001,0.0005381510930600104
10.63,0.0005217712987902152
10.64,0.0005166390224849133
10.65,0.0005397378648773957
10.66,0.0005243357848784126
10.67,0.0005462920884628982
10.68,0.0005256802390214294
10.69,0.0004951682158805019
10.700000000000001,0.0005063756782154531
10.71,0.0005271902530494341
10.72,0.0005181745762591795
10.73,0.0005283234768439056
10.74,0.0005044751676868605
10.75,0.000520824326053688
10.76,0.0004864426604957088
10.77,0.0004897187921104833
10.78,0.0004800403730220053
10.790000000000001,0.0004864611669871166
10.8,0.0004789335555774366
10.81,0.0004717454739684527
10.82,0.00048015673125706735
10.83,0.000482660951947387
10.84,0.0004874531498993403
10.85,0.00047454399220725783
10.86,0.0004889027549979996
10.870000000000001,0.0004751510974293769
10.88,0.00046121526052595737
10.89,0.00047068463192943827
10.9,0.00046399243449954744
10.91,0.0004587750726603511
10.92,0.0004510544261936738
10.93,0.00046813631386827443
10.94,0.0004860390277379827
10.950000000000001,0.00045701619508329314
10.96,0.00046286974206952093
10.97,0.0004408218275277827
10.98,0.000440347932794328
10.99,0.00042400298690980197
11.0,0.0004343933219772133
11.01,0.0004356857696777879
11.02,0.00044929615282589096
11.03,0.00043735854231369
11.040000000000001,0.0004175400358436549
11.05,0.0004308246248375712
11.06,0.0004490076284259448
11.07,0.0004446998611274792
11.08,0.0004450523601172391
11.09,0.0004478872268974942
11.1,0.00043295644494366586
11.11,0.0004375517406697053
11.120000000000001,0.0004253934943105496
11.13,0.00041526395533245005
11.14,0.0004146510167468564
11.15,0.0004268351888030381
11.16,0.00040506369916673416
11.17,0.0004149272677457783
11.18,0.0004227157373381555
11.19,0.0004154354664782032
11.200000000000001,0.00040912689018475756
11.21,0.00041928345755893763
11.22,0.00041942464682928013
11.23,0.0004014641451758386
11.24,0.00040850533782097506
11.25,0.00039479462445446065
11.26,0.00039545593245999725
11.27,0.00038928206807435097
11.28,0.00041613186476934644
11.290000000000001,0.00038349624876621004
11.3,0.0003710463985366649
11.31,0.00040472344515490107
11.32,0.0003964050633024476
11.33,0.0003749290686029623
11.34,0.0003764667671212741
11.35,0.00039147627445849904
11.36,0.00040107512564844106
11.370000000000001,0.00038302585171243967
11.38,0.00039016326912298904
11.39,0.00037355838326370416
11.4,0.000382550795945251
11.41,0.00037081610270293437
11.42,0.00037648964237236226
11.43,0.0003796304683963189
11.44,0.00038135536868672665
11.450000000000001,0.00036562917352258835
11.46,0.00037385426847554216
11.47,0.0003649475354294693
11.48,0.0003721053732037229
11.49,0.0003599073590254868
11.5,0.00036509501965396407
11.51,0.00037773372270316494
11.52,0.0003683126476199103
11.53,0.0003736621462433794
11.540000000000001,0.0003697088785040161
11.55,0.000354149333737819
11.56,0.00035127994698692553
11.57,0.00036803083730693547
11.58,0.00037585107307414636
11.59,0.0003575031133868059
11.6,0.0003398992222477563
11.61,0.00037494428575580524
11.620000000000001,0.00034784069964638264
11.63,0.00036136834940576554
11.64,0.0003595429846504897
11.65,0.0003626067824424765
11.66,0.00036310123472671355
11.67,0.0003575258972059082
11.68,0.00037131163231059563
11.69,0.00034370226045744997
11.700000000000001,0.00036442646118079965
11.71,0.00037130016147465567
11.72,0.0003575479124662711
11.73,0.00034662778209018636
11.74,0.0003708262010007987
11.75,0.0003550268381382067
11.76,0.00035184803449189267
11.77,0.0003533326147856474
11.78,0.0003390743924360533
11.790000000000001,0.00035201917417152835
11.8,0.0003543375706787235
11.81,0.0003462261853202239
11.82,0.0003449836979004123
11.83,0.00035486584135547395
11.84,0.0003326819499968205
11.85,0.0003411287512755366
11.86,0.00035161195194385636
11.870000000000001,0.00034456619523551095
11.88,0.00034795672152295023
11.89,0.00033532870326103466
11.9,0.0003422175705092311
11.91,0.0003529116525181396
11.92,0.00033405654634248184
11.93,0.0003297207527515861
11.94,0.0003450532419073755
11.950000000000001,0.00034143901481247543
11.96,0.00035292803814076487
11.97,0.00034009609570632293
11.98,0.00034092140473949447
11.99,0.00032985475421920703
12.0,0.0003295446532621506
12.01,0.0003346701293458656
12.02,0.0003321551924988519
12.030000000000001,0.0003404348703530391
12.040000000000001,0.0003422083428157838
12.05,0.0003490613424471985
12.06,0.0003205783057862461
12.07,0.0003357966755701701
12.08,0.00031122850730171413
12.09,0.00032467804709971525
12.1,0.0003279336432667545
12.11,0.00034293982224847217
12.120000000000001,0.00032509036786279735
12.13,0.00032641541041867266
12.14,0.00032559004010237217
12.15,0.00032647179478991053
12.16,0.0003433877711561629
12.17,0.00032278315561980376
12.18,0.0003099149343854508
12.19,0.00032430639542984583
12.200000000000001,0.0003149747169599571
12.21,0.0003247861202977351
12.22,0.00032424909647724295
12.23,0.00033030433739963076
12.24,0.00031645477003504623
12.25,0.0003369423964026842
12.26,0.0003196134150704152
12.27,0.00032200302952902117
12.280000000000001,0.00032369223560722404
12.290000000000001,0.0003335093559608676
12.3,0.00031838919958257353
12.31,0.0003164979981846951
12.32,0.0003201747643440267
12.33,0.00032576502902076663
12.34,0.00031645370528406413
12.35,0.0003242001317160602
12.36,0.0003102273269969509
12.370000000000001,0.0003125175499583207
12.38,0.00032947237124895566
12.39,0.0003352694696556703
12.4,0.0003136137488574322
12.41,0.0003203503326521583
12.42,0.0003171402813725565
12.43,0.0003173889514102126
12.44,0.0003189529923145893
12.450000000000001,0.00032024696165656677
12.46,0.0003254445276107634
12.47,0.00031389887119753524
12.48,0.0003073255376348299
12.49,0.00031029850475909805
12.5,0.00030895564164230545
12.51,0.0003171909660081832
12.52,0.00030722076427259847
12.530000000000001,0.00030069038095547793
12.540000000000001,0.0003083079370438874
12.55,0.000309671858698154
12.56,0.00031484490406393786
12.57,0.00032420105989041775
12.58,0.00031634810050980544
12.59,0.00030641972287246766
12.6,0.00032737718093515944
12.61,0.0003132371522799127
12.620000000000001,0.0003277344355368261
12.63,0.0003106930822941045
12.64,0.0003102360570799418
12.65,0.0003178787057034328
12.66,0.00033513914089985155
12.67,0.0003062644692994992
12.68,0.0003157936121679773
12.69,0.0003287857137683167
12.700000000000001,0.00030394615881798245
12.71,0.0003149949736218938
12.72,0.00031454105467161337
12.73,0.00032151933993030855
12.74,0.00032853446876792504
12.75,0.0003135875634609182
12.76,0.00031863384338655333
12.77,0.00032038215600858764
12.780000000000001,0.0003172038506359385
12.790000000000001,0.000310439811515603
12.8,0.00031403359383863334
12.81,0.0003122965868377392
12.82,0.0003065115207780136
12.83,0.00031840544251599483
12.84,0.0003183670437447584
12.85,0.0003030213121577248
12.86,0.0003115378531877074
12.870000000000001,0.00031521789956123156
12.88,0.00031062725536070394
12.89,0.0003063730714245485
12.9,0.00031515855880057044
12.91,0.0003178900155524423
12.92,0.0003109566182155779
12.93,0.0003184868957312678
12.94,0.0003066197099797155
12.950000000000001,0.0003100510771965823
12.96,0.00030581023688775106
12.97,0.00031063040176924764
12.98,0.000300524016226024
12.99,0.000306707299273066
13.0,0.000309382265801159
13.01,0.0003132537858988691
13.02,0.00031955656830561196
13.030000000000001,0.0003048092019622897
13.040000000000001,0.00029478620059930573
13.05,0.0003114976924259107
13.06,0.00030756188699097994
13.07,0.0003156466883816824
13.08,0.00030540226286762884
13.09,0.00032801897122255926
13.1,0.00030320667157482346
13.11,0.00031003814532629944
13.120000000000001,0.0003134384919096056
13.13,0.00031447903308722046
13.14,0.00030370143391264195
13.15,0.000310799812095456
13.16,0.0003153980200704078
13.17,0.0003201444566652394
13.18,0.0003027131070132308
13.19,0.00030509330089884603
13.200000000000001,0.00029939855604038863
13.21,0.00031957547441026807
13.22,0.00030943444719991635
13.23,0.00031655346263999805
13.24,0.00031662060933492224
13.25,0.0003242573569432777
13.26,0.0003172691243736678
13.27,0.0003178526630320494
13.280000000000001,0.0003120076292758525
13.290000000000001,0.0003235062087343992
13.3,0.0003186756092673704
13.31,0.0003138817876327623
13.32,0.00032002614222999547
13.33,0.0003251734860589626
13.34,0.0003046254110922724
13.35,0.00031121024578987285
13.36,0.00032518570995621466
13.370000000000001,0.0003249878373307335
13.38,0.00032664731264008136
13.39,0.0003208930576200752
13.4,0.0003344285277009158
13.41,0.000326259296252928
13.42,0.0003204480231853187
13.43,0.0003384572469254178
13.44,0.0003280833468198717
13.450000000000001,0.0003291305666860873
13.46,0.00032362295234478157
13.47,0.0003245764422449101
13.48,0.0003374365926265471
13.49,0.0003327307704590126
13.5,0.0003367480178227837
13.51,0.00030904173603663927
13.52,0.00032722163780874087
13.530000000000001,0.0003337225257465187
13.540000000000001,0.00032196918349558957
13.55,0.0003436706070124981
13.56,0.0003167114959653761
13.57,0.0003321828795663928
13.58,0.00033727110025585645
13.59,0.0003274186396094711
13.6,0.00033674444631231424
13.61,0.00032650839992940327
13.620000000000001,0.00033353765379864317
13.63,0.0003364480994357681
13.64,0.00035309075939793285
13.65,0.00034196039479168766
13.66,0.0003474367858082923
13.67,0.00034860308221676677
13.68,0.00034911896975535587
13.69,0.00034964583648803757
13.700000000000001,0.00035644187432847934
13.71,0.00035400025478244225
13.72,0.0003489889117778086
13.73,0.000355791742436801
13.74,0.0003413336973757187
13.75,0.00034215349433112284
13.76,0.00036360874363180497
13.77,0.00035788380205176845
13.780000000000001,0.0003544586182543333
13.790000000000001,0.00035048774361904136
13.8,0.00034506098227016853
13.81,0.00035391193304663013
13.82,0.0003746152047376021
13.83,0.000363572003431569
13.84,0.00035824709692600505
13.85,0.0003712056520499138
13.86,0.0003515248495381209
13.870000000000001,0.0003529519336194773
13.88,0.00037395357036794716
13.89,0.00035904716022402305
13.9,0.00036664631932664037
13.91,0.0003895734513563091
13.92,0.0003992167569816727
13.93,0.00036576372062149413
13.94,0.0003577197902094289
13.950000000000001,0.0003794279958829632
13.96,0.0003879712059784217
13.97,0.00036834793984817546
13.98,0.0003607143555879473
13.99,0.0003811832302765836
14.0,0.00036727485149868933
14.01,0.0003823986930211716
14.02,0.00038337252318851653
14.030000000000001,0.0004061220968381932
14.040000000000001,0.0003685627333457348
14.05,0.00037278329676164934
14.06,0.00037760748200854817
14.07,0.00036969457713135237
14.08,0.00039177026461278464
14.09,0.0003879289019925222
14.1,0.0004083166443982694
14.11,0.0003976390114677481
14.120000000000001,0.00039174149178027316
14.13,0.0003982276728897815
14.14,0.00040690037369480733
14.15,0.0004208589090665223
14.16,0.0003971368189828822
14.17,0.00041269202075419853
14.18,0.000401840602320398
14.19,0.0003947229828603784
14.200000000000001,0.0003997129145599365
14.21,0.00044354528795608194
14.22,0.00042464233532297233
14.23,0.00043314013160371603
14.24,0.00040290986810893355
14.25,0.00042576085607188446
14.26,0.00042270065640524697
14.27,0.0004234187828804187
14.280000000000001,0.0004375967987184365
14.290000000000001,0.00040787653627166455
14.3,0.0004440712872039597
14.31,0.00042844346933440254
14.32,0.000438734550031997
14.33,0.000443825286843383
14.34,0.00044366018565894895
14.35,0.0004453410016553622
14.36,0.00044634504554552277
14.370000000000001,0.0004308842167411265
14.38,0.00043378409867042366
14.39,0.00044496544616263567
14.4,0.00043823711149071267
14.41,0.00043818241139855093
14.42,0.0004432804670837002
14.43,0.0004661749545418075
14.44,0.00043597144916556027
14.450000000000001,0.0004610418070848356
14.46,0.00044437860868348577
14.47,0.00045653123224143787
14.48,0.0004591128811809931
14.49,0.00045878078523172436
14.5,0.00047945862704766904
14.51,0.0004673007134993599
14.52,0.0004663978075455603
14.530000000000001,0.000468581147755922
14.540000000000001,0.0004718531100855749
14.55,0.00046697769640977776
14.56,0.0004723319326642143
14.57,0.00046526081709549657
14.58,0.0004796928311322252
14.59,0.00046661840265670125
14.6,0.000493818258514585
14.61,0.0004732680567609692
14.620000000000001,0.0005009240554215345
14.63,0.0004967310269040839
14.64,0.0004960709168349267
14.65,0.0004917893035468897
14.66,0.0005176599522093662
14.67,0.0005006167490632903
14.68,0.0004986083089789987
14.69,0.0005025385361907862
14.700000000000001,0.0005007460609191072
14.71,0.0005156423862739354
14.72,0.0004942272865472619
14.73,0.0004878642451299344
14.74,0.0005190711278588954
14.75,0.0005244333756529936
14.76,0.0005388192600229175
14.77,0.0005053049839486804
14.780000000000001,0.0005116339613363504
14.790000000000001,0.0005127568138905982
14.8,0.0005382680500355867
14.81,0.0005172393768238506
14.82,0.0005383887993137162
14.83,0.000531913492114928
14.84,0.0005189538726560357
14.85,0.0005238381838265893
14.86,0.0005425016266410031
14.870000000000001,0.0005523896000810355
14.88,0.0005614692005040595
14.89,0.0005682245291753649
14.9,0.000548945346695608
14.91,0.0005623127677317213
14.92,0.0005608516944624867
14.93,0.0005424158877227374
14.94,0.0005651891647150915
14.950000000000001,0.0005424407257475844
14.96,0.0005916042955928692
14.97,0.0005819444933983388
14.98,0.0006135384076229527
14.99,0.0005785434122214855
